Data,Casos,Mortes,Pais,Dias,Casos_Media_3,Mortes_Media_3,Taxa_Casos_Media_3,Taxa_Mortes_Media_3,Taxa_Casos,Taxa_Mortes,Porcentagem,Porcentagem_Media_3
0,05/03/2020,219,12,USA,0,219.0,12.0,24.0,1.0,48.0,2.0,5.48,5.48
1,06/03/2020,267,14,USA,1,243.0,13.0,53.333333333333314,1.333333333333334,136.0,3.0,5.24,5.24
2,07/03/2020,403,17,USA,2,296.3333333333333,14.333333333333334,100.0,2.9999999999999982,116.0,4.0,4.22,4.22
3,08/03/2020,519,21,USA,3,396.3333333333333,17.333333333333332,107.0,2.666666666666668,69.0,1.0,4.05,4.05
4,09/03/2020,588,22,USA,4,503.3333333333333,20.0,186.33333333333331,3.666666666666668,374.0,6.0,3.74,3.74
5,10/03/2020,962,28,USA,5,689.6666666666666,23.666666666666668,255.33333333333337,5.0,323.0,8.0,2.91,2.91
6,11/03/2020,1285,36,USA,6,945.0,28.666666666666668,359.66666666666674,6.666666666666668,382.0,6.0,2.8,2.8
7,12/03/2020,1667,42,USA,7,1304.6666666666667,35.333333333333336,406.33333333333326,7.333333333333329,514.0,8.0,2.52,2.52
8,13/03/2020,2181,50,USA,8,1711.0,42.666666666666664,481.3333333333335,8.0,548.0,10.0,2.29,2.29
9,14/03/2020,2729,60,USA,9,2192.3333333333335,50.666666666666664,623.0,10.666666666666671,807.0,14.0,2.2,2.2
10,15/03/2020,3536,74,USA,10,2815.3333333333335,61.333333333333336,826.6666666666665,16.666666666666664,1125.0,26.0,2.09,2.09
11,16/03/2020,4661,100,USA,11,3642.0,78.0,1236.0,24.66666666666667,1776.0,34.0,2.15,2.15
12,17/03/2020,6437,134,USA,12,4878.0,102.66666666666667,1415.0,30.33333333333333,1344.0,31.0,2.08,2.08
13,18/03/2020,7781,165,USA,13,6293.0,133.0,3029.0,53.0,5967.0,94.0,2.12,2.12
14,19/03/2020,13748,259,USA,14,9322.0,186.0,4279.0,72.0,5526.0,91.0,1.88,1.88
15,20/03/2020,19274,350,USA,15,13601.0,258.0,5939.666666666668,92.33333333333331,6326.0,92.0,1.82,1.82
16,21/03/2020,25600,442,USA,16,19540.666666666668,350.3333333333333,6510.666666666664,109.33333333333337,7680.0,145.0,1.73,1.73
17,22/03/2020,33280,587,USA,17,26051.333333333332,459.6666666666667,8196.000000000004,145.33333333333331,10582.0,199.0,1.76,1.76
18,23/03/2020,43862,786,USA,18,34247.333333333336,605.0,9441.666666666664,189.66666666666663,10063.0,225.0,1.79,1.79
19,24/03/2020,53925,1011,USA,19,43689.0,794.6666666666666,10854.666666666664,244.33333333333337,11919.0,309.0,1.87,1.87
20,25/03/2020,65844,1320,USA,20,54543.666666666664,1039.0,13324.666666666664,313.33333333333326,17992.0,406.0,2.0,2.0
21,26/03/2020,83836,1726,USA,21,67868.33333333333,1352.3333333333333,16012.333333333343,419.3333333333335,18126.0,543.0,2.06,2.06
22,27/03/2020,101962,2269,USA,22,83880.66666666667,1771.6666666666667,18647.33333333333,474.66666666666674,19824.0,475.0,2.23,2.23
23,28/03/2020,121786,2744,USA,23,102528.0,2246.3333333333335,19024.66666666667,564.6666666666665,19124.0,676.0,2.25,2.25
24,29/03/2020,140910,3420,USA,24,121552.66666666667,2811.0,20061.66666666667,642.3333333333335,21237.0,776.0,2.43,2.43
25,30/03/2020,162147,4196,USA,25,141614.33333333334,3453.3333333333335,22128.666666666657,874.3333333333335,26025.0,1171.0,2.59,2.59
26,31/03/2020,188172,5367,USA,26,163743.0,4327.666666666667,24230.666666666657,1030.333333333333,25430.0,1144.0,2.85,2.85
27,01/04/2020,213602,6511,USA,27,187973.66666666666,5358.0,27287.0,1247.333333333333,30406.0,1427.0,3.05,3.05
28,02/04/2020,244008,7938,USA,28,215260.66666666666,6605.333333333333,29208.666666666686,1297.666666666667,31790.0,1322.0,3.25,3.25
29,03/04/2020,275798,9260,USA,29,244469.33333333334,7903.0,31808.333333333343,1453.0,33229.0,1610.0,3.36,3.36
30,04/04/2020,309027,10870,USA,30,276277.6666666667,9356.0,30931.333333333314,1479.0,27775.0,1505.0,3.52,3.52
31,05/04/2020,336802,12375,USA,31,307209.0,10835.0,30173.0,1544.666666666666,29515.0,1519.0,3.67,3.67
32,06/04/2020,366317,13894,USA,32,337382.0,12379.666666666666,29364.666666666686,1773.6666666666679,30804.0,2297.0,3.79,3.79
33,07/04/2020,397121,16191,USA,33,366746.6666666667,14153.333333333334,30617.333333333314,1965.0,31533.0,2079.0,4.08,4.08
34,08/04/2020,428654,18270,USA,34,397364.0,16118.333333333334,32336.666666666686,2131.333333333334,34673.0,2018.0,4.26,4.26
35,09/04/2020,463327,20288,USA,35,429700.6666666667,18249.666666666668,33241.66666666663,2055.333333333332,33519.0,2069.0,4.38,4.38
36,10/04/2020,496846,22357,USA,36,462942.3333333333,20305.0,32707.333333333372,2032.0,29930.0,2009.0,4.5,4.5
37,11/04/2020,526776,24366,USA,37,495649.6666666667,22337.0,30661.99999999994,1932.6666666666679,28537.0,1720.0,4.63,4.63
38,12/04/2020,555313,26086,USA,38,526311.6666666666,24269.666666666668,27926.0,1837.6666666666642,25311.0,1784.0,4.7,4.7
39,13/04/2020,580624,27870,USA,39,554237.6666666666,26107.333333333332,26964.666666666744,1965.3333333333358,27046.0,2392.0,4.8,4.8
40,14/04/2020,607670,30262,USA,40,581202.3333333334,28072.666666666668,27120.333333333256,2224.6666666666642,29004.0,2498.0,4.98,4.98
41,15/04/2020,636674,32760,USA,41,608322.6666666666,30297.333333333332,29119.0,2324.666666666668,31307.0,2084.0,5.15,5.15
42,16/04/2020,667981,34844,USA,42,637441.6666666666,32622.0,30797.333333333372,2388.6666666666642,32081.0,2584.0,5.22,5.22
43,17/04/2020,700062,37428,USA,43,668239.0,35010.666666666664,31972.0,2338.3333333333358,32528.0,2347.0,5.35,5.35
44,18/04/2020,732590,39775,USA,44,700211.0,37349.0,30276.0,2033.6666666666642,26219.0,1170.0,5.43,5.43
45,19/04/2020,758809,40945,USA,45,730487.0,39382.666666666664,28215.333333333372,1752.6666666666715,25899.0,1741.0,5.4,5.4
46,20/04/2020,784708,42686,USA,46,758702.3333333334,41135.333333333336,26425.0,1770.3333333333285,27157.0,2400.0,5.44,5.44
47,21/04/2020,811865,45086,USA,47,785127.3333333334,42905.666666666664,27180.666666666628,2155.6666666666715,28486.0,2326.0,5.55,5.55
48,22/04/2020,840351,47412,USA,48,812308.0,45061.333333333336,28154.0,2346.0,28819.0,2312.0,5.64,5.64
49,23/04/2020,869170,49724,USA,49,840462.0,47407.333333333336,31164.333333333372,2135.6666666666642,36188.0,1769.0,5.72,5.72
50,24/04/2020,905358,51493,USA,50,871626.3333333334,49543.0,32601.0,2114.3333333333358,32796.0,2262.0,5.69,5.69
51,25/04/2020,938154,53755,USA,51,904227.3333333334,51657.333333333336,32205.0,1719.0,27631.0,1126.0,5.73,5.73
52,26/04/2020,965785,54881,USA,52,936432.3333333334,53376.333333333336,27613.0,1575.3333333333285,22412.0,1338.0,5.68,5.68
53,27/04/2020,988197,56219,USA,53,964045.3333333334,54951.666666666664,24809.333333333256,1533.3333333333358,24385.0,2136.0,5.69,5.69
54,28/04/2020,1012582,58355,USA,54,988854.6666666666,56485.0,24708.0,2028.6666666666642,27327.0,2612.0,5.76,5.76
55,29/04/2020,1039909,60967,USA,55,1013562.6666666666,58513.666666666664,27075.666666666744,2259.0,29515.0,2029.0,5.86,5.86
56,30/04/2020,1069424,62996,USA,56,1040638.3333333334,60772.666666666664,30292.999999999884,2196.0,34037.0,1947.0,5.89,5.89
57,01/05/2020,1103461,64943,USA,57,1070931.3333333333,62968.666666666664,30876.666666666744,1800.6666666666715,29078.0,1426.0,5.89,5.89
58,02/05/2020,1132539,66369,USA,58,1101808.0,64769.333333333336,29538.666666666744,1561.9999999999927,25501.0,1313.0,5.86,5.86
59,03/05/2020,1158040,67682,USA,59,1131346.6666666667,66331.33333333333,25638.0,1326.333333333343,22335.0,1240.0,5.84,5.84
60,04/05/2020,1180375,68922,USA,60,1156984.6666666667,67657.66666666667,23937.333333333256,1565.0,23976.0,2142.0,5.84,5.84
61,05/05/2020,1204351,71064,USA,61,1180922.0,69222.66666666667,23763.666666666744,1924.3333333333285,24980.0,2391.0,5.9,5.9
62,06/05/2020,1229331,73455,USA,62,1204685.6666666667,71147.0,25549.333333333256,2246.6666666666715,27692.0,2207.0,5.98,5.98
63,07/05/2020,1257023,75662,USA,63,1230235.0,73393.66666666667,26526.0,2038.666666666657,26906.0,1518.0,6.02,6.02
64,08/05/2020,1283929,77180,USA,64,1256761.0,75432.33333333333,26739.666666666744,1780.0,25621.0,1615.0,6.01,6.01
65,09/05/2020,1309550,78795,USA,65,1283500.6666666667,77212.33333333333,24079.0,1288.0,19710.0,731.0,6.02,6.02
66,10/05/2020,1329260,79526,USA,66,1307579.6666666667,78500.33333333333,21317.333333333256,1167.333333333343,18621.0,1156.0,5.98,5.98
67,11/05/2020,1347881,80682,USA,67,1328897.0,79667.66666666667,19942.0,1187.0,21495.0,1674.0,5.99,5.99
68,12/05/2020,1369376,82356,USA,68,1348839.0,80854.66666666667,20382.0,1531.0,21030.0,1763.0,6.01,6.01
69,13/05/2020,1390406,84119,USA,69,1369221.0,82385.66666666667,23297.666666666744,1738.666666666657,27368.0,1779.0,6.05,6.05
70,14/05/2020,1417774,85898,USA,70,1392518.6666666667,84124.33333333333,24482.66666666651,1724.6666666666715,25050.0,1632.0,6.06,6.06
71,15/05/2020,1442824,87530,USA,71,1417001.3333333333,85849.0,25804.666666666744,1545.0,24996.0,1224.0,6.07,6.07
72,16/05/2020,1467820,88754,USA,72,1442806.0,87394.0,22994.333333333256,1221.3333333333285,18937.0,808.0,6.05,6.05
73,17/05/2020,1486757,89562,USA,73,1465800.3333333333,88615.33333333333,21828.0,939.0,21551.0,785.0,6.02,6.02
74,18/05/2020,1508308,90347,USA,74,1487628.3333333333,89554.33333333333,20249.33333333349,1055.6666666666715,20260.0,1574.0,5.99,5.99
75,19/05/2020,1528568,91921,USA,75,1507877.6666666667,90610.0,21698.66666666651,1292.3333333333285,23285.0,1518.0,6.01,6.01
76,20/05/2020,1551853,93439,USA,76,1529576.3333333333,91902.33333333333,22946.33333333349,1451.6666666666715,25294.0,1263.0,6.02,6.02
77,21/05/2020,1577147,94702,USA,77,1552522.6666666667,93354.0,24123.0,1352.3333333333285,23790.0,1276.0,6.0,6.0
78,22/05/2020,1600937,95978,USA,78,1576645.6666666667,94706.33333333333,23586.333333333256,1215.6666666666715,21675.0,1108.0,6.0,6.0
79,23/05/2020,1622612,97086,USA,79,1600232.0,95922.0,22033.0,1005.6666666666715,20634.0,633.0,5.98,5.98
80,24/05/2020,1643246,97719,USA,80,1622265.0,96927.66666666667,20455.0,747.0,19056.0,500.0,5.95,5.95
81,25/05/2020,1662302,98219,USA,81,1642720.0,97674.66666666667,19433.666666666744,608.666666666657,18611.0,693.0,5.91,5.91
82,26/05/2020,1680913,98912,USA,82,1662153.6666666667,98283.33333333333,18643.333333333256,899.333333333343,18263.0,1505.0,5.88,5.88
83,27/05/2020,1699176,100417,USA,83,1680797.0,99182.66666666667,19817.0,1132.3333333333285,22577.0,1199.0,5.91,5.91
84,28/05/2020,1721753,101616,USA,84,1700614.0,100315.0,,,,,5.9,5.9
85,17/03/2020,321,1,Brasil,0,321.0,1.0,25.5,1.0,51.0,2.0,0.31,0.31
86,18/03/2020,372,3,Brasil,1,346.5,2.0,91.5,1.3333333333333335,249.0,3.0,0.81,0.81
87,19/03/2020,621,6,Brasil,2,438.0,3.3333333333333335,157.33333333333337,3.3333333333333335,172.0,5.0,0.97,0.97
88,20/03/2020,793,11,Brasil,3,595.3333333333334,6.666666666666667,216.33333333333326,3.999999999999999,228.0,4.0,1.39,1.39
89,21/03/2020,1021,15,Brasil,4,811.6666666666666,10.666666666666666,308.33333333333337,6.333333333333334,525.0,10.0,1.47,1.47
90,22/03/2020,1546,25,Brasil,5,1120.0,17.0,377.0,7.666666666666668,378.0,9.0,1.62,1.62
91,23/03/2020,1924,34,Brasil,6,1497.0,24.666666666666668,408.66666666666674,10.333333333333332,323.0,12.0,1.77,1.77
92,24/03/2020,2247,46,Brasil,7,1905.6666666666667,35.0,335.9999999999998,11.333333333333336,307.0,13.0,2.05,2.05
93,25/03/2020,2554,59,Brasil,8,2241.6666666666665,46.333333333333336,353.66666666666697,14.333333333333329,431.0,18.0,2.31,2.31
94,26/03/2020,2985,77,Brasil,9,2595.3333333333335,60.666666666666664,390.0,15.333333333333336,432.0,15.0,2.58,2.58
95,27/03/2020,3417,92,Brasil,10,2985.3333333333335,76.0,450.0,17.33333333333333,487.0,19.0,2.69,2.69
96,28/03/2020,3904,111,Brasil,11,3435.3333333333335,93.33333333333333,423.6666666666665,19.66666666666667,352.0,25.0,2.84,2.84
97,29/03/2020,4256,136,Brasil,12,3859.0,113.0,387.33333333333303,22.333333333333343,323.0,23.0,3.2,3.2
98,30/03/2020,4579,159,Brasil,13,4246.333333333333,135.33333333333334,604.3333333333339,30.0,1138.0,42.0,3.47,3.47
99,31/03/2020,5717,201,Brasil,14,4850.666666666667,165.33333333333334,860.0,34.66666666666666,1119.0,39.0,3.52,3.52
100,01/04/2020,6836,240,Brasil,15,5710.666666666667,200.0,1155.0,55.0,1208.0,84.0,3.51,3.51
101,02/04/2020,8044,324,Brasil,16,6865.666666666667,255.0,1113.0,52.666666666666686,1012.0,35.0,4.03,4.03
102,03/04/2020,9056,359,Brasil,17,7978.666666666667,307.6666666666667,1174.666666666667,68.33333333333331,1304.0,86.0,3.96,3.96
103,04/04/2020,10360,445,Brasil,18,9153.333333333334,376.0,1028.666666666666,54.0,770.0,41.0,4.3,4.3
104,05/04/2020,11130,486,Brasil,19,10182.0,430.0,1035.0,68.33333333333331,1031.0,78.0,4.37,4.37
105,06/04/2020,12161,564,Brasil,20,11217.0,498.3333333333333,1224.666666666666,80.33333333333331,1873.0,122.0,4.64,4.64
106,07/04/2020,14034,686,Brasil,21,12441.666666666666,578.6666666666666,1680.0,111.0,2136.0,133.0,4.89,4.89
107,08/04/2020,16170,819,Brasil,22,14121.666666666666,689.6666666666666,1977.0,128.66666666666674,1922.0,131.0,5.06,5.06
108,09/04/2020,18092,950,Brasil,23,16098.666666666666,818.3333333333334,1868.0000000000018,123.66666666666663,1546.0,107.0,5.25,5.25
109,10/04/2020,19638,1057,Brasil,24,17966.666666666668,942.0,1519.0,101.66666666666674,1089.0,67.0,5.38,5.38
110,11/04/2020,20727,1124,Brasil,25,19485.666666666668,1043.6666666666667,1366.6666666666642,91.0,1465.0,99.0,5.42,5.42
111,12/04/2020,22192,1223,Brasil,26,20852.333333333332,1134.6666666666667,1264.0,90.33333333333326,1238.0,105.0,5.51,5.51
112,13/04/2020,23430,1328,Brasil,27,22116.333333333332,1225.0,1511.6666666666679,136.0,1832.0,204.0,5.67,5.67
113,14/04/2020,25262,1532,Brasil,28,23628.0,1361.0,2042.6666666666679,171.0,3058.0,204.0,6.06,6.06
114,15/04/2020,28320,1736,Brasil,29,25670.666666666668,1532.0,2331.6666666666642,198.66666666666674,2105.0,188.0,6.13,6.13
115,16/04/2020,30425,1924,Brasil,30,28002.333333333332,1730.6666666666667,2806.666666666668,203.0,3257.0,217.0,6.32,6.32
116,17/04/2020,33682,2141,Brasil,31,30809.0,1933.6666666666667,2779.3333333333358,205.99999999999977,2976.0,213.0,6.36,6.36
117,18/04/2020,36658,2354,Brasil,32,33588.333333333336,2139.6666666666665,2743.0,179.33333333333348,1996.0,108.0,6.42,6.42
118,19/04/2020,38654,2462,Brasil,33,36331.333333333336,2319.0,2353.6666666666642,148.66666666666652,2089.0,125.0,6.37,6.37
119,20/04/2020,40743,2587,Brasil,34,38685.0,2467.6666666666665,2140.3333333333358,129.0,2336.0,154.0,6.35,6.35
120,21/04/2020,43079,2741,Brasil,35,40825.333333333336,2596.6666666666665,2367.6666666666642,148.0,2678.0,165.0,6.36,6.36
121,22/04/2020,45757,2906,Brasil,36,43193.0,2744.6666666666665,3097.6666666666642,248.0,4279.0,425.0,6.35,6.35
122,23/04/2020,50036,3331,Brasil,37,46290.666666666664,2992.6666666666665,3654.6666666666715,321.0,4007.0,373.0,6.66,6.66
123,24/04/2020,54043,3704,Brasil,38,49945.333333333336,3313.6666666666665,4522.3333333333285,383.66666666666697,5281.0,353.0,6.85,6.85
124,25/04/2020,59324,4057,Brasil,39,54467.666666666664,3697.3333333333335,4354.6666666666715,318.33333333333303,3776.0,229.0,6.84,6.84
125,26/04/2020,63100,4286,Brasil,40,58822.333333333336,4015.6666666666665,4467.666666666664,299.6666666666665,4346.0,317.0,6.79,6.79
126,27/04/2020,67446,4603,Brasil,41,63290.0,4315.333333333333,4637.0,342.0,5789.0,480.0,6.82,6.82
127,28/04/2020,73235,5083,Brasil,42,67927.0,4657.333333333333,5528.3333333333285,409.0,6450.0,430.0,6.94,6.94
128,29/04/2020,79685,5513,Brasil,43,73455.33333333333,5066.333333333333,6580.333333333343,467.66666666666697,7502.0,493.0,6.92,6.92
129,30/04/2020,87187,6006,Brasil,44,80035.66666666667,5534.0,6322.3333333333285,443.0,5015.0,406.0,6.89,6.89
130,01/05/2020,92202,6412,Brasil,45,86358.0,5977.0,5805.0,416.0,4898.0,349.0,6.95,6.95
131,02/05/2020,97100,6761,Brasil,46,92163.0,6393.0,4879.6666666666715,348.33333333333303,4726.0,290.0,6.96,6.96
132,03/05/2020,101826,7051,Brasil,47,97042.66666666667,6741.333333333333,5472.666666666657,318.33333333333394,6794.0,316.0,6.92,6.92
133,04/05/2020,108620,7367,Brasil,48,102515.33333333333,7059.666666666667,6118.333333333343,392.33333333333303,6835.0,571.0,6.78,6.78
134,05/05/2020,115455,7938,Brasil,49,108633.66666666667,7452.0,8261.666666666657,512.333333333333,11156.0,650.0,6.88,6.88
135,06/05/2020,126611,8588,Brasil,50,116895.33333333333,7964.333333333333,9051.0,607.666666666667,9162.0,602.0,6.78,6.78
136,07/05/2020,135773,9190,Brasil,51,125946.33333333333,8572.0,10479.666666666672,693.0,11121.0,827.0,6.77,6.77
137,08/05/2020,146894,10017,Brasil,52,136426.0,9265.0,9816.666666666657,689.3333333333339,9167.0,639.0,6.82,6.82
138,09/05/2020,156061,10656,Brasil,53,146242.66666666666,9954.333333333334,8975.333333333343,644.3333333333321,6638.0,467.0,6.83,6.83
139,10/05/2020,162699,11123,Brasil,54,155218.0,10598.666666666666,7566.666666666657,545.3333333333339,6895.0,530.0,6.84,6.84
140,11/05/2020,169594,11653,Brasil,55,162784.66666666666,11144.0,7384.333333333343,601.6666666666661,8620.0,808.0,6.87,6.87
141,12/05/2020,178214,12461,Brasil,56,170169.0,11745.666666666666,9146.0,705.6666666666679,11923.0,779.0,6.99,6.99
142,13/05/2020,190137,13240,Brasil,57,179315.0,12451.333333333334,11190.333333333343,782.0,13028.0,759.0,6.96,6.96
143,14/05/2020,203165,13999,Brasil,58,190505.33333333334,13233.333333333334,14025.666666666657,833.6666666666661,17126.0,963.0,6.89,6.89
144,15/05/2020,220291,14962,Brasil,59,204531.0,14067.0,14458.0,807.3333333333339,13220.0,700.0,6.79,6.79
145,16/05/2020,233511,15662,Brasil,60,218989.0,14874.333333333334,12638.333333333343,706.3333333333321,7569.0,456.0,6.71,6.71
146,17/05/2020,241080,16118,Brasil,61,231627.33333333334,15580.666666666666,11692.333333333314,630.3333333333339,14288.0,735.0,6.69,6.69
147,18/05/2020,255368,16853,Brasil,62,243319.66666666666,16211.0,12791.333333333343,773.6666666666679,16517.0,1130.0,6.6,6.6
148,19/05/2020,271885,17983,Brasil,63,256111.0,16984.666666666668,16833.0,913.6666666666642,19694.0,876.0,6.61,6.61
149,20/05/2020,291579,18859,Brasil,64,272944.0,17898.333333333332,18239.666666666686,1064.6666666666679,18508.0,1188.0,6.47,6.47
150,21/05/2020,310087,20047,Brasil,65,291183.6666666667,18963.0,19668.333333333314,1021.6666666666679,20803.0,1001.0,6.46,6.46
151,22/05/2020,330890,21048,Brasil,66,310852.0,19984.666666666668,18606.333333333314,1051.3333333333321,16508.0,965.0,6.36,6.36
152,23/05/2020,347398,22013,Brasil,67,329458.3333333333,21036.0,17708.0,873.0,15813.0,653.0,6.34,6.34
153,24/05/2020,363211,22666,Brasil,68,347166.3333333333,21909.0,14669.333333333372,808.3333333333321,11687.0,807.0,6.24,6.24
154,25/05/2020,374898,23473,Brasil,69,361835.6666666667,22717.333333333332,14608.0,833.0,16324.0,1039.0,6.26,6.26
155,26/05/2020,391222,24512,Brasil,70,376443.6666666667,23550.333333333332,16203.333333333314,977.3333333333358,20599.0,1086.0,6.27,6.27
156,27/05/2020,411821,25598,Brasil,71,392647.0,24527.666666666668,21113.333333333314,1093.6666666666642,26417.0,1156.0,6.22,6.22
157,28/05/2020,438238,26754,Brasil,72,413760.3333333333,25621.333333333332,,,,,6.1,6.1
158,04/03/2020,222,2,Espanha,0,222.0,2.0,18.5,0.5,37.0,1.0,0.9,0.9
159,05/03/2020,259,3,Espanha,1,240.5,2.5,53.166666666666686,0.8333333333333335,141.0,2.0,1.16,1.16
160,06/03/2020,400,5,Espanha,2,293.6666666666667,3.3333333333333335,92.66666666666663,2.6666666666666665,100.0,5.0,1.25,1.25
161,07/03/2020,500,10,Espanha,3,386.3333333333333,6.0,138.00000000000006,4.666666666666666,173.0,7.0,2.0,2.0
162,08/03/2020,673,17,Espanha,4,524.3333333333334,10.666666666666666,224.33333333333326,7.666666666666666,400.0,11.0,2.53,2.53
163,09/03/2020,1073,28,Espanha,5,748.6666666666666,18.333333333333332,398.33333333333337,8.333333333333336,622.0,7.0,2.61,2.61
164,10/03/2020,1695,35,Espanha,6,1147.0,26.666666666666668,534.6666666666667,12.333333333333332,582.0,19.0,2.06,2.06
165,11/03/2020,2277,54,Espanha,7,1681.6666666666667,39.0,401.33333333333326,9.0,,1.0,2.37,2.37
166,12/03/2020,2277,55,Espanha,8,2083.0,48.0,1179.0,32.66666666666667,2955.0,78.0,2.42,2.42
167,13/03/2020,5232,133,Espanha,9,3262.0,80.66666666666667,1371.333333333333,47.0,1159.0,62.0,2.54,2.54
168,14/03/2020,6391,195,Espanha,10,4633.333333333333,127.66666666666667,1840.333333333334,77.99999999999999,1407.0,94.0,3.05,3.05
169,15/03/2020,7798,289,Espanha,11,6473.666666666667,205.66666666666666,1570.0,69.66666666666666,2144.0,53.0,3.71,3.71
170,16/03/2020,9942,342,Espanha,12,8043.666666666667,275.3333333333333,1785.666666666667,112.66666666666669,1806.0,191.0,3.44,3.44
171,17/03/2020,11748,533,Espanha,13,9829.333333333334,388.0,2037.3333333333321,111.33333333333331,2162.0,90.0,4.54,4.54
172,18/03/2020,13910,623,Espanha,14,11866.666666666666,499.3333333333333,2673.666666666668,162.66666666666669,4053.0,207.0,4.48,4.48
173,19/03/2020,17963,830,Espanha,15,14540.333333333334,662.0,2887.333333333334,170.0,2447.0,213.0,4.62,4.62
174,20/03/2020,20410,1043,Espanha,16,17427.666666666668,832.0,3821.333333333332,250.66666666666674,4964.0,332.0,5.11,5.11
175,21/03/2020,25374,1375,Espanha,17,21249.0,1082.6666666666667,3601.666666666668,314.0,3394.0,397.0,5.42,5.42
176,22/03/2020,28768,1772,Espanha,18,24850.666666666668,1396.6666666666667,4908.666666666664,422.6666666666665,6368.0,539.0,6.16,6.16
177,23/03/2020,35136,2311,Espanha,19,29759.333333333332,1819.3333333333333,4837.000000000004,477.66666666666674,4749.0,497.0,6.58,6.58
178,24/03/2020,39885,2808,Espanha,20,34596.333333333336,2297.0,6915.666666666664,625.0,9630.0,839.0,7.04,7.04
179,25/03/2020,49515,3647,Espanha,21,41512.0,2922.0,7550.0,684.6666666666665,8271.0,718.0,7.37,7.37
180,26/03/2020,57786,4365,Espanha,22,49062.0,3606.6666666666665,8611.333333333336,776.6666666666665,7933.0,773.0,7.55,7.55
181,27/03/2020,65719,5138,Espanha,23,57673.333333333336,4383.333333333333,7906.666666666664,778.3333333333339,7516.0,844.0,7.82,7.82
182,28/03/2020,73235,5982,Espanha,24,65580.0,5161.666666666667,7441.3333333333285,812.6666666666661,6875.0,821.0,8.17,8.17
183,29/03/2020,80110,6803,Espanha,25,73021.33333333333,5974.333333333333,7412.333333333343,859.3333333333339,7846.0,913.0,8.49,8.49
184,30/03/2020,87956,7716,Espanha,26,80433.66666666667,6833.666666666667,7562.666666666657,827.333333333333,7967.0,748.0,8.77,8.77
185,31/03/2020,95923,8464,Espanha,27,87996.33333333333,7661.0,8002.6666666666715,861.3333333333339,8195.0,923.0,8.82,8.82
186,01/04/2020,104118,9387,Espanha,28,95999.0,8522.333333333334,8036.3333333333285,877.3333333333321,7947.0,961.0,9.02,9.02
187,02/04/2020,112065,10348,Espanha,29,104035.33333333333,9399.666666666666,7758.6666666666715,911.3333333333339,7134.0,850.0,9.23,9.23
188,03/04/2020,119199,11198,Espanha,30,111794.0,10311.0,7350.0,853.3333333333339,6969.0,749.0,9.39,9.39
189,04/04/2020,126168,11947,Espanha,31,119144.0,11164.333333333334,6527.0,764.3333333333321,5478.0,694.0,9.47,9.47
190,05/04/2020,131646,12641,Espanha,32,125671.0,11928.666666666666,5825.333333333343,714.3333333333339,5029.0,700.0,9.6,9.6
191,06/04/2020,136675,13341,Espanha,33,131496.33333333334,12643.0,5258.0,699.3333333333339,5267.0,704.0,9.76,9.76
192,07/04/2020,141942,14045,Espanha,34,136754.33333333334,13342.333333333334,5524.666666666657,717.0,6278.0,747.0,9.89,9.89
193,08/04/2020,148220,14792,Espanha,35,142279.0,14059.333333333334,5515.666666666657,702.0,5002.0,655.0,9.98,9.98
194,09/04/2020,153222,15447,Espanha,36,147794.66666666666,14761.333333333334,5443.666666666686,678.6666666666661,5051.0,634.0,10.08,10.08
195,10/04/2020,158273,16081,Espanha,37,153238.33333333334,15440.0,4935.666666666657,604.6666666666661,4754.0,525.0,10.16,10.16
196,11/04/2020,163027,16606,Espanha,38,158174.0,16044.666666666666,4536.333333333343,587.3333333333339,3804.0,603.0,10.19,10.19
197,12/04/2020,166831,17209,Espanha,39,162710.33333333334,16632.0,3942.0,558.3333333333321,3268.0,547.0,10.32,10.32
198,13/04/2020,170099,17756,Espanha,40,166652.33333333334,17190.333333333332,3171.333333333314,483.33333333333576,2442.0,300.0,10.44,10.44
199,14/04/2020,172541,18056,Espanha,41,169823.66666666666,17673.666666666668,3604.333333333343,499.66666666666424,5103.0,652.0,10.46,10.46
200,15/04/2020,177644,18708,Espanha,42,173428.0,18173.333333333332,4949.666666666657,519.6666666666679,7304.0,607.0,10.53,10.53
201,16/04/2020,184948,19315,Espanha,43,178377.66666666666,18693.0,6099.333333333343,648.6666666666679,5891.0,687.0,10.44,10.44
202,17/04/2020,190839,20002,Espanha,44,184477.0,19341.666666666668,4694.0,445.0,887.0,41.0,10.48,10.48
203,18/04/2020,191726,20043,Espanha,45,189171.0,19786.666666666668,4575.333333333343,379.3333333333321,6948.0,410.0,10.45,10.45
204,19/04/2020,198674,20453,Espanha,46,193746.33333333334,20166.0,3123.666666666657,283.3333333333321,1536.0,399.0,10.29,10.29
205,20/04/2020,200210,20852,Espanha,47,196870.0,20449.333333333332,4150.666666666657,413.0,3968.0,430.0,10.42,10.42
206,21/04/2020,204178,21282,Espanha,48,201020.66666666666,20862.333333333332,3238.333333333343,421.33333333333576,4211.0,435.0,10.42,10.42
207,22/04/2020,208389,21717,Espanha,49,204259.0,21283.666666666668,4271.333333333343,435.0,4635.0,440.0,10.42,10.42
208,23/04/2020,213024,22157,Espanha,50,208530.33333333334,21718.666666666668,,414.0,,367.0,10.4,10.4
209,24/04/2020,202990,22524,Espanha,51,208134.33333333334,22132.666666666668,,395.0,2915.0,378.0,11.1,11.1
210,25/04/2020,205905,22902,Espanha,52,207306.33333333334,22527.666666666668,,344.3333333333321,1729.0,288.0,11.12,11.12
211,26/04/2020,207634,23190,Espanha,53,205509.66666666666,22872.0,2158.333333333343,332.3333333333321,1831.0,331.0,11.17,11.17
212,27/04/2020,209465,23521,Espanha,54,207668.0,23204.333333333332,1622.666666666657,306.6666666666679,1308.0,301.0,11.23,11.23
213,28/04/2020,210773,23822,Espanha,55,209290.66666666666,23511.0,1761.0,361.6666666666679,2144.0,453.0,11.3,11.3
214,29/04/2020,212917,24275,Espanha,56,211051.66666666666,23872.666666666668,1323.333333333343,340.66666666666424,518.0,268.0,11.4,11.4
215,30/04/2020,213435,24543,Espanha,57,212375.0,24213.333333333332,1481.0,240.33333333333576,1781.0,,11.5,11.5
216,01/05/2020,215216,24543,Espanha,58,213856.0,24453.666666666668,1221.666666666657,275.0,1366.0,557.0,11.4,11.4
217,02/05/2020,216582,25100,Espanha,59,215077.66666666666,24728.666666666668,1343.666666666686,240.33333333333212,884.0,164.0,11.59,11.59
218,03/05/2020,217466,25264,Espanha,60,216421.33333333334,24969.0,931.666666666657,295.0,545.0,164.0,11.62,11.62
219,04/05/2020,218011,25428,Espanha,61,217353.0,25264.0,915.666666666657,171.0,1318.0,185.0,11.66,11.66
220,05/05/2020,219329,25613,Espanha,62,218268.66666666666,25435.0,953.0,197.66666666666788,996.0,244.0,11.68,11.68
221,06/05/2020,220325,25857,Espanha,63,219221.66666666666,25632.666666666668,1145.333333333343,214.0,1122.0,213.0,11.74,11.74
222,07/05/2020,221447,26070,Espanha,64,220367.0,25846.666666666668,1176.0,228.66666666666424,1410.0,229.0,11.77,11.77
223,08/05/2020,222857,26299,Espanha,65,221543.0,26075.333333333332,1084.333333333343,207.0,721.0,179.0,11.8,11.8
224,09/05/2020,223578,26478,Espanha,66,222627.33333333334,26282.333333333332,967.666666666657,183.66666666666788,772.0,143.0,11.84,11.84
225,10/05/2020,224350,26621,Espanha,67,223595.0,26466.0,1526.333333333343,148.33333333333212,3086.0,123.0,11.87,11.87
226,11/05/2020,227436,26744,Espanha,68,225121.33333333334,26614.333333333332,1484.0,147.33333333333576,594.0,176.0,11.76,11.76
227,12/05/2020,228030,26920,Espanha,69,226605.33333333334,26761.666666666668,1447.0,161.0,661.0,184.0,11.81,11.81
228,13/05/2020,228691,27104,Espanha,70,228052.33333333334,26922.666666666668,701.3333333333139,192.33333333333212,849.0,217.0,11.85,11.85
229,14/05/2020,229540,27321,Espanha,71,228753.66666666666,27115.0,717.6666666666861,179.66666666666788,643.0,138.0,11.9,11.9
230,15/05/2020,230183,27459,Espanha,72,229471.33333333334,27294.666666666668,669.0,153.0,515.0,104.0,11.93,11.93
231,16/05/2020,230698,27563,Espanha,73,230140.33333333334,27447.666666666668,386.0,80.66666666666424,,,11.95,11.95
232,17/05/2020,230698,27563,Espanha,74,230526.33333333334,27528.333333333332,474.33333333331393,83.33333333333576,908.0,146.0,11.95,11.95
233,18/05/2020,231606,27709,Espanha,75,231000.66666666666,27611.666666666668,446.33333333334303,71.66666666666424,431.0,69.0,11.96,11.96
234,19/05/2020,232037,27778,Espanha,76,231447.0,27683.333333333332,619.0,108.33333333333576,518.0,110.0,11.97,11.97
235,20/05/2020,232555,27888,Espanha,77,232066.0,27791.666666666668,477.0,77.0,482.0,52.0,11.99,11.99
236,21/05/2020,233037,27940,Espanha,78,232543.0,27868.666666666668,929.0,283.3333333333321,1787.0,688.0,11.99,11.99
237,22/05/2020,234824,28628,Espanha,79,233472.0,28152.0,911.666666666657,263.3333333333321,466.0,50.0,12.19,12.19
238,23/05/2020,235290,28678,Espanha,80,234383.66666666666,28415.333333333332,911.6666666666861,270.6666666666679,482.0,74.0,12.19,12.19
239,24/05/2020,235772,28752,Espanha,81,235295.33333333334,28686.0,192.0,,,,12.19,12.19
240,25/05/2020,235400,26834,Espanha,82,235487.33333333334,28088.0,323.0,,859.0,283.0,11.4,11.4
241,26/05/2020,236259,27117,Espanha,83,235810.33333333334,27567.666666666668,162.33333333331393,,,,11.48,11.48
242,27/05/2020,236259,27117,Espanha,84,235972.66666666666,27022.666666666668,835.333333333343,95.0,1647.0,2.0,11.48,11.48
243,28/05/2020,237906,27119,Espanha,85,236808.0,27117.666666666668,,,,,11.4,11.4
244,24/02/2020,229,7,Itália,0,229.0,7.0,46.5,1.5,93.0,3.0,3.06,3.06
245,25/02/2020,322,10,Itália,1,275.5,8.5,59.166666666666686,1.166666666666666,131.0,2.0,3.11,3.11
246,26/02/2020,453,12,Itália,2,334.6666666666667,9.666666666666666,142.0,3.333333333333334,202.0,5.0,2.65,2.65
247,27/02/2020,655,17,Itália,3,476.6666666666667,13.0,188.66666666666669,3.666666666666668,233.0,4.0,2.6,2.6
248,28/02/2020,888,21,Itália,4,665.3333333333334,16.666666666666668,225.0,5.666666666666664,240.0,8.0,2.36,2.36
249,29/02/2020,1128,29,Itália,5,890.3333333333334,22.333333333333332,346.33333333333337,5.666666666666668,566.0,5.0,2.57,2.57
250,01/03/2020,1694,34,Itália,6,1236.6666666666667,28.0,382.6666666666665,10.333333333333336,342.0,18.0,2.01,2.01
251,02/03/2020,2036,52,Itália,7,1619.3333333333333,38.333333333333336,458.0000000000002,16.666666666666664,466.0,27.0,2.55,2.55
252,03/03/2020,2502,79,Itália,8,2077.3333333333335,55.0,465.0,24.33333333333333,587.0,28.0,3.16,3.16
253,04/03/2020,3089,107,Itália,9,2542.3333333333335,79.33333333333333,607.333333333333,32.0,769.0,41.0,3.46,3.46
254,05/03/2020,3858,148,Itália,10,3149.6666666666665,111.33333333333333,711.3333333333335,39.33333333333333,778.0,49.0,3.84,3.84
255,06/03/2020,4636,197,Itália,11,3861.0,150.66666666666666,931.333333333333,42.0,1247.0,36.0,4.25,4.25
256,07/03/2020,5883,233,Itália,12,4792.333333333333,192.66666666666666,1172.333333333334,72.66666666666666,1492.0,133.0,3.96,3.96
257,08/03/2020,7375,366,Itália,13,5964.666666666667,265.3333333333333,1512.0,88.66666666666669,1797.0,97.0,4.96,4.96
258,09/03/2020,9172,463,Itália,14,7476.666666666667,354.0,1421.999999999999,132.66666666666669,977.0,168.0,5.05,5.05
259,10/03/2020,10149,631,Itália,15,8898.666666666666,486.6666666666667,1695.6666666666679,153.66666666666669,2313.0,196.0,6.22,6.22
260,11/03/2020,12462,827,Itália,16,10594.333333333334,640.3333333333334,1980.3333333333321,184.33333333333326,2651.0,189.0,6.64,6.64
261,12/03/2020,15113,1016,Itália,17,12574.666666666666,824.6666666666666,2503.666666666668,211.66666666666663,2547.0,250.0,6.72,6.72
262,13/03/2020,17660,1266,Itália,18,15078.333333333334,1036.3333333333333,2898.333333333334,204.66666666666674,3497.0,175.0,7.17,7.17
263,14/03/2020,21157,1441,Itália,19,17976.666666666668,1241.0,3211.333333333332,264.33333333333326,3590.0,368.0,6.81,6.81
264,15/03/2020,24747,1809,Itália,20,21188.0,1505.3333333333333,3440.0,297.3333333333335,3233.0,349.0,7.31,7.31
265,16/03/2020,27980,2158,Itália,21,24628.0,1802.6666666666667,3449.666666666668,353.9999999999998,3526.0,345.0,7.71,7.71
266,17/03/2020,31506,2503,Itália,22,28077.666666666668,2156.6666666666665,3655.333333333332,389.66666666666697,4207.0,475.0,7.94,7.94
267,18/03/2020,35713,2978,Itália,23,31733.0,2546.3333333333335,4351.666666666664,415.6666666666665,5322.0,427.0,8.34,8.34
268,19/03/2020,41035,3405,Itália,24,36084.666666666664,2962.0,5171.6666666666715,509.6666666666665,5986.0,627.0,8.3,8.3
269,20/03/2020,47021,4032,Itália,25,41256.333333333336,3471.6666666666665,5955.0,615.666666666667,6557.0,793.0,8.57,8.57
270,21/03/2020,53578,4825,Itália,26,47211.333333333336,4087.3333333333335,6034.3333333333285,690.3333333333335,5560.0,651.0,9.01,9.01
271,22/03/2020,59138,5476,Itália,27,53245.666666666664,4777.666666666667,5635.333333333336,681.6666666666661,4789.0,601.0,9.26,9.26
272,23/03/2020,63927,6077,Itália,28,58881.0,5459.333333333333,5199.333333333336,665.0,5249.0,743.0,9.51,9.51
273,24/03/2020,69176,6820,Itália,29,64080.333333333336,6124.333333333333,5082.666666666664,675.666666666667,5210.0,683.0,9.86,9.86
274,25/03/2020,74386,7503,Itália,30,69163.0,6800.0,5554.0,712.666666666667,6203.0,712.0,10.09,10.09
275,26/03/2020,80589,8215,Itália,31,74717.0,7512.666666666667,5774.0,771.333333333333,5909.0,919.0,10.19,10.19
276,27/03/2020,86498,9134,Itália,32,80491.0,8284.0,6028.6666666666715,840.0,5974.0,889.0,10.56,10.56
277,28/03/2020,92472,10023,Itália,33,86519.66666666667,9124.0,5700.0,854.6666666666661,5217.0,756.0,10.84,10.84
278,29/03/2020,97689,10779,Itália,34,92219.66666666667,9978.666666666666,5080.3333333333285,819.0,4050.0,812.0,11.03,11.03
279,30/03/2020,101739,11591,Itália,35,97300.0,10797.666666666666,4440.0,801.6666666666679,4053.0,837.0,11.39,11.39
280,31/03/2020,105792,12428,Itália,36,101740.0,11599.333333333334,4295.0,792.0,4782.0,727.0,11.75,11.75
281,01/04/2020,110574,13155,Itália,37,106035.0,12391.333333333334,4501.0,774.6666666666661,4668.0,760.0,11.9,11.9
282,02/04/2020,115242,13915,Itália,38,110536.0,13166.0,4678.3333333333285,751.0,4585.0,766.0,12.07,12.07
283,03/04/2020,119827,14681,Itália,39,115214.33333333333,13917.0,4686.0,735.6666666666661,4805.0,681.0,12.25,12.25
284,04/04/2020,124632,15362,Itália,40,119900.33333333333,14652.666666666666,4568.6666666666715,657.3333333333339,4316.0,525.0,12.33,12.33
285,05/04/2020,128948,15887,Itália,41,124469.0,15310.0,4240.0,614.0,3599.0,636.0,12.32,12.32
286,06/04/2020,132547,16523,Itália,42,128709.0,15924.0,3651.333333333343,588.3333333333321,3039.0,604.0,12.47,12.47
287,07/04/2020,135586,17127,Itália,43,132360.33333333334,16512.333333333332,3491.333333333314,594.0,3836.0,542.0,12.63,12.63
288,08/04/2020,139422,17669,Itália,44,135851.66666666666,17106.333333333332,3693.0,585.3333333333358,4204.0,610.0,12.67,12.67
289,09/04/2020,143626,18279,Itália,45,139544.66666666666,17691.666666666668,3997.0,574.0,3951.0,570.0,12.73,12.73
290,10/04/2020,147577,18849,Itália,46,143541.66666666666,18265.666666666668,4283.0,599.6666666666642,4694.0,619.0,12.77,12.77
291,11/04/2020,152271,19468,Itália,47,147824.66666666666,18865.333333333332,4245.666666666686,540.0,4092.0,431.0,12.79,12.79
292,12/04/2020,156363,19899,Itália,48,152070.33333333334,19405.333333333332,3979.666666666657,538.6666666666679,3153.0,566.0,12.73,12.73
293,13/04/2020,159516,20465,Itália,49,156050.0,19944.0,3405.666666666657,533.0,2972.0,602.0,12.83,12.83
294,14/04/2020,162488,21067,Itália,50,159455.66666666666,20477.0,2930.666666666686,582.0,2667.0,578.0,12.97,12.97
295,15/04/2020,165155,21645,Itália,51,162386.33333333334,21059.0,3141.666666666657,568.3333333333321,3786.0,525.0,13.11,13.11
296,16/04/2020,168941,22170,Itália,52,165528.0,21627.333333333332,3315.333333333343,559.3333333333358,3493.0,575.0,13.12,13.12
297,17/04/2020,172434,22745,Itália,53,168843.33333333334,22186.666666666668,3590.0,527.3333333333321,3491.0,482.0,13.19,13.19
298,18/04/2020,175925,23227,Itália,54,172433.33333333334,22714.0,3343.666666666657,496.6666666666679,3047.0,433.0,13.2,13.2
299,19/04/2020,178972,23660,Itália,55,175777.0,23210.666666666668,2931.333333333343,456.3333333333321,2256.0,454.0,13.22,13.22
300,20/04/2020,181228,24114,Itália,56,178708.33333333334,23667.0,2677.333333333314,473.6666666666679,2729.0,534.0,13.31,13.31
301,21/04/2020,183957,24648,Itália,57,181385.66666666666,24140.666666666668,2785.0,475.0,3370.0,437.0,13.4,13.4
302,22/04/2020,187327,25085,Itália,58,184170.66666666666,24615.666666666668,2915.0,478.3333333333321,2646.0,464.0,13.39,13.39
303,23/04/2020,189973,25549,Itália,59,187085.66666666666,25094.0,3012.333333333343,440.3333333333321,3021.0,420.0,13.45,13.45
304,24/04/2020,192994,25969,Itália,60,190098.0,25534.333333333332,2674.666666666657,433.0,2357.0,415.0,13.46,13.46
305,25/04/2020,195351,26384,Itália,61,192772.66666666666,25967.333333333332,2567.333333333343,365.0,2324.0,260.0,13.51,13.51
306,26/04/2020,197675,26644,Itália,62,195340.0,26332.333333333332,2140.0,336.0,1739.0,333.0,13.48,13.48
307,27/04/2020,199414,26977,Itália,63,197480.0,26668.333333333332,2051.333333333343,325.0,2091.0,382.0,13.53,13.53
308,28/04/2020,201505,27359,Itália,64,199531.33333333334,26993.333333333332,1972.0,346.0,2086.0,323.0,13.58,13.58
309,29/04/2020,203591,27682,Itália,65,201503.33333333334,27339.333333333332,2016.333333333314,330.0,1872.0,285.0,13.6,13.6
310,30/04/2020,205463,27967,Itália,66,203519.66666666666,27669.333333333332,1974.333333333343,292.33333333333576,1965.0,269.0,13.61,13.61
311,01/05/2020,207428,28236,Itália,67,205494.0,27961.666666666668,1912.333333333343,342.66666666666424,1900.0,474.0,13.61,13.61
312,02/05/2020,209328,28710,Itália,68,207406.33333333334,28304.333333333332,1751.333333333314,305.6666666666679,1389.0,174.0,13.72,13.72
313,03/05/2020,210717,28884,Itália,69,209157.66666666666,28610.0,1503.333333333343,281.0,1221.0,195.0,13.71,13.71
314,04/05/2020,211938,29079,Itália,70,210661.0,28891.0,1228.333333333343,201.66666666666788,1075.0,236.0,13.72,13.72
315,05/05/2020,213013,29315,Itália,71,211889.33333333334,29092.666666666668,1246.666666666657,266.66666666666424,1444.0,369.0,13.76,13.76
316,06/05/2020,214457,29684,Itália,72,213136.0,29359.333333333332,1306.666666666657,293.0,1401.0,274.0,13.84,13.84
317,07/05/2020,215858,29958,Itália,73,214442.66666666666,29652.333333333332,1390.666666666686,295.33333333333576,1327.0,243.0,13.88,13.88
318,08/05/2020,217185,30201,Itália,74,215833.33333333334,29947.666666666668,1270.333333333314,237.0,1083.0,194.0,13.91,13.91
319,09/05/2020,218268,30395,Itália,75,217103.66666666666,30184.666666666668,1070.666666666686,200.66666666666424,802.0,165.0,13.93,13.93
320,10/05/2020,219070,30560,Itália,76,218174.33333333334,30385.333333333332,876.3333333333139,179.33333333333576,744.0,179.0,13.95,13.95
321,11/05/2020,219814,30739,Itália,77,219050.66666666666,30564.666666666668,982.6666666666861,172.0,1402.0,172.0,13.98,13.98
322,12/05/2020,221216,30911,Itália,78,220033.33333333334,30736.666666666668,1011.3333333333139,182.0,888.0,195.0,13.97,13.97
323,13/05/2020,222104,31106,Itália,79,221044.66666666666,30918.666666666668,1094.0,209.66666666666424,992.0,262.0,14.01,14.01
324,14/05/2020,223096,31368,Itália,80,222138.66666666666,31128.333333333332,889.6666666666861,233.0,789.0,242.0,14.06,14.06
325,15/05/2020,223885,31610,Itália,81,223028.33333333334,31361.333333333332,885.3333333333139,219.0,875.0,153.0,14.12,14.12
326,16/05/2020,224760,31763,Itália,82,223913.66666666666,31580.333333333332,779.6666666666861,180.0,675.0,145.0,14.13,14.13
327,17/05/2020,225435,31908,Itália,83,224693.33333333334,31760.333333333332,667.0,132.33333333333576,451.0,99.0,14.15,14.15
328,18/05/2020,225886,32007,Itália,84,225360.33333333334,31892.666666666668,646.3333333333139,135.33333333333212,813.0,162.0,14.17,14.17
329,19/05/2020,226699,32169,Itália,85,226006.66666666666,32028.0,643.0,140.66666666666788,665.0,161.0,14.19,14.19
330,20/05/2020,227364,32330,Itália,86,226649.66666666666,32168.666666666668,706.6666666666861,159.66666666666424,642.0,156.0,14.22,14.22
331,21/05/2020,228006,32486,Itália,87,227356.33333333334,32328.333333333332,653.0,149.0,652.0,130.0,14.25,14.25
332,22/05/2020,228658,32616,Itália,88,228009.33333333334,32477.333333333332,654.3333333333139,135.0,669.0,119.0,14.26,14.26
333,23/05/2020,229327,32735,Itália,89,228663.66666666666,32612.333333333332,617.333333333343,99.66666666666788,531.0,50.0,14.27,14.27
334,24/05/2020,229858,32785,Itália,90,229281.0,32712.0,500.0,87.0,300.0,92.0,14.26,14.26
335,25/05/2020,230158,32877,Itália,91,229781.0,32799.0,409.33333333334303,73.33333333333576,397.0,78.0,14.28,14.28
336,26/05/2020,230555,32955,Itália,92,230190.33333333334,32872.333333333336,427.0,95.66666666666424,584.0,117.0,14.29,14.29
337,27/05/2020,231139,33072,Itália,93,230617.33333333334,32968.0,524.666666666657,88.33333333333576,593.0,70.0,14.31,14.31
338,28/05/2020,231732,33142,Itália,94,231142.0,33056.333333333336,,,,,14.3,14.3
339,04/03/2020,262,0,Alemanha,0,262.0,0.0,110.0,,220.0,,0.0,0.0
340,05/03/2020,482,0,Alemanha,1,372.0,0.0,99.33333333333331,,188.0,,0.0,0.0
341,06/03/2020,670,0,Alemanha,2,471.3333333333333,0.0,179.00000000000006,,129.0,,0.0,0.0
342,07/03/2020,799,0,Alemanha,3,650.3333333333334,0.0,186.0,,241.0,,0.0,0.0
343,08/03/2020,1040,0,Alemanha,4,836.3333333333334,0.0,168.66666666666663,0.6666666666666666,136.0,2.0,0.0,0.0
344,09/03/2020,1176,2,Alemanha,5,1005.0,0.6666666666666666,219.33333333333326,0.6666666666666666,281.0,,0.17,0.17
345,10/03/2020,1457,2,Alemanha,6,1224.3333333333333,1.3333333333333333,289.3333333333335,1.0000000000000002,451.0,1.0,0.14,0.14
346,11/03/2020,1908,3,Alemanha,7,1513.6666666666667,2.3333333333333335,300.6666666666665,0.33333333333333304,170.0,,0.16,0.16
347,12/03/2020,2078,3,Alemanha,8,1814.3333333333333,2.6666666666666665,739.3333333333333,1.6666666666666665,1597.0,4.0,0.14,0.14
348,13/03/2020,3675,7,Alemanha,9,2553.6666666666665,4.333333333333333,892.3333333333335,2.0,910.0,2.0,0.19,0.19
349,14/03/2020,4585,9,Alemanha,10,3446.0,6.333333333333333,1239.0,2.666666666666667,1210.0,2.0,0.2,0.2
350,15/03/2020,5795,11,Alemanha,11,4685.0,9.0,1199.0,3.333333333333334,1477.0,6.0,0.19,0.19
351,16/03/2020,7272,17,Alemanha,12,5884.0,12.333333333333334,1557.333333333333,4.999999999999998,1985.0,7.0,0.23,0.23
352,17/03/2020,9257,24,Alemanha,13,7441.333333333333,17.333333333333332,2177.333333333333,5.666666666666668,3070.0,4.0,0.26,0.26
353,18/03/2020,12327,28,Alemanha,14,9618.666666666666,23.0,2682.666666666668,9.0,2993.0,16.0,0.23,0.23
354,19/03/2020,15320,44,Alemanha,15,12301.333333333334,32.0,3530.333333333332,14.333333333333336,4528.0,23.0,0.29,0.29
355,20/03/2020,19848,67,Alemanha,16,15831.666666666666,46.333333333333336,3295.333333333334,18.666666666666664,2365.0,17.0,0.34,0.34
356,21/03/2020,22213,84,Alemanha,17,19127.0,65.0,3184.333333333332,16.66666666666667,2660.0,10.0,0.38,0.38
357,22/03/2020,24873,94,Alemanha,18,22311.333333333332,81.66666666666667,3069.3333333333358,18.666666666666657,4183.0,29.0,0.38,0.38
358,23/03/2020,29056,123,Alemanha,19,25380.666666666668,100.33333333333333,3591.0,24.333333333333343,3930.0,34.0,0.42,0.42
359,24/03/2020,32986,157,Alemanha,20,28971.666666666668,124.66666666666667,4149.999999999996,37.33333333333333,4337.0,49.0,0.48,0.48
360,25/03/2020,37323,206,Alemanha,21,33121.666666666664,162.0,4960.6666666666715,48.0,6615.0,61.0,0.55,0.55
361,26/03/2020,43938,267,Alemanha,22,38082.333333333336,210.0,5961.666666666664,61.666666666666686,6933.0,75.0,0.61,0.61
362,27/03/2020,50871,342,Alemanha,23,44044.0,271.6666666666667,6790.666666666664,75.66666666666663,6824.0,91.0,0.67,0.67
363,28/03/2020,57695,433,Alemanha,24,50834.666666666664,347.3333333333333,6052.333333333336,88.66666666666669,4400.0,100.0,0.75,0.75
364,29/03/2020,62095,533,Alemanha,25,56887.0,436.0,5338.0,101.0,4790.0,112.0,0.86,0.86
365,30/03/2020,66885,645,Alemanha,26,62225.0,537.0,4704.3333333333285,114.0,4923.0,130.0,0.96,0.96
366,31/03/2020,71808,775,Alemanha,27,66929.33333333333,651.0,5259.0,129.0,6064.0,145.0,1.08,1.08
367,01/04/2020,77872,920,Alemanha,28,72188.33333333333,780.0,5969.6666666666715,154.0,6922.0,187.0,1.18,1.18
368,02/04/2020,84794,1107,Alemanha,29,78158.0,934.0,6450.3333333333285,166.66666666666674,6365.0,168.0,1.31,1.31
369,03/04/2020,91159,1275,Alemanha,30,84608.33333333333,1100.6666666666667,6073.333333333343,174.66666666666652,4933.0,169.0,1.4,1.4
370,04/04/2020,96092,1444,Alemanha,31,90681.66666666667,1275.3333333333333,5109.666666666657,159.0,4031.0,140.0,1.5,1.5
371,05/04/2020,100123,1584,Alemanha,32,95791.33333333333,1434.3333333333333,4071.6666666666715,178.33333333333348,3251.0,226.0,1.58,1.58
372,06/04/2020,103374,1810,Alemanha,33,99863.0,1612.6666666666667,3857.0,190.66666666666652,4289.0,206.0,1.75,1.75
373,07/04/2020,107663,2016,Alemanha,34,103720.0,1803.3333333333333,4391.0,255.00000000000023,5633.0,333.0,1.87,1.87
374,08/04/2020,113296,2349,Alemanha,35,108111.0,2058.3333333333335,4935.6666666666715,265.6666666666665,4885.0,258.0,2.07,2.07
375,09/04/2020,118181,2607,Alemanha,36,113046.66666666667,2324.0,4836.0,250.33333333333348,3990.0,160.0,2.21,2.21
376,10/04/2020,122171,2767,Alemanha,37,117882.66666666667,2574.3333333333335,3870.666666666657,129.0,2737.0,,2.26,2.26
377,11/04/2020,124908,2736,Alemanha,38,121753.33333333333,2703.3333333333335,3224.333333333343,138.33333333333303,2946.0,286.0,2.19,2.19
378,12/04/2020,127854,3022,Alemanha,39,124977.66666666667,2841.6666666666665,2633.666666666657,142.33333333333348,2218.0,172.0,2.36,2.36
379,13/04/2020,130072,3194,Alemanha,40,127611.33333333333,2984.0,2150.333333333343,186.0,1287.0,100.0,2.46,2.46
380,14/04/2020,131359,3294,Alemanha,41,129761.66666666667,3170.0,2299.6666666666715,260.6666666666665,3394.0,510.0,2.51,2.51
381,15/04/2020,134753,3804,Alemanha,42,132061.33333333334,3430.6666666666665,2542.0,286.0,2945.0,248.0,2.82,2.82
382,16/04/2020,137698,4052,Alemanha,43,134603.33333333334,3716.6666666666665,3346.0,352.66666666666697,3699.0,300.0,2.94,2.94
383,17/04/2020,141397,4352,Alemanha,44,137949.33333333334,4069.3333333333335,2863.0,218.33333333333348,1945.0,107.0,3.08,3.08
384,18/04/2020,143342,4459,Alemanha,45,140812.33333333334,4287.666666666667,2495.333333333314,178.0,1842.0,127.0,3.11,3.11
385,19/04/2020,145184,4586,Alemanha,46,143307.66666666666,4465.666666666667,1889.333333333343,170.0,1881.0,276.0,3.16,3.16
386,20/04/2020,147065,4862,Alemanha,47,145197.0,4635.666666666667,1649.666666666657,191.33333333333303,1226.0,171.0,3.31,3.31
387,21/04/2020,148291,5033,Alemanha,48,146846.66666666666,4827.0,1821.333333333343,231.0,2357.0,246.0,3.39,3.39
388,22/04/2020,150648,5279,Alemanha,49,148668.0,5058.0,2021.333333333343,237.66666666666697,2481.0,296.0,3.5,3.5
389,23/04/2020,153129,5575,Alemanha,50,150689.33333333334,5295.666666666667,2236.0,242.33333333333303,1870.0,185.0,3.64,3.64
390,24/04/2020,154999,5760,Alemanha,51,152925.33333333334,5538.0,1955.0,199.33333333333303,1514.0,117.0,3.72,3.72
391,25/04/2020,156513,5877,Alemanha,52,154880.33333333334,5737.333333333333,1547.0,133.66666666666697,1257.0,99.0,3.75,3.75
392,26/04/2020,157770,5976,Alemanha,53,156427.33333333334,5871.0,1253.0,122.0,988.0,150.0,3.79,3.79
393,27/04/2020,158758,6126,Alemanha,54,157680.33333333334,5993.0,1133.0,145.66666666666697,1154.0,188.0,3.86,3.86
394,28/04/2020,159912,6314,Alemanha,55,158813.33333333334,6138.666666666667,1256.333333333314,163.66666666666606,1627.0,153.0,3.95,3.95
395,29/04/2020,161539,6467,Alemanha,56,160069.66666666666,6302.333333333333,1417.0,165.66666666666697,1470.0,156.0,4.0,4.0
396,30/04/2020,163009,6623,Alemanha,57,161486.66666666666,6468.0,1388.333333333343,140.66666666666697,1068.0,113.0,4.06,4.06
397,01/05/2020,164077,6736,Alemanha,58,162875.0,6608.666666666667,1142.666666666657,115.0,890.0,76.0,4.11,4.11
398,02/05/2020,164967,6812,Alemanha,59,164017.66666666666,6723.666666666667,885.0,81.0,697.0,54.0,4.13,4.13
399,03/05/2020,165664,6866,Alemanha,60,164902.66666666666,6804.666666666667,691.6666666666861,85.66666666666606,488.0,127.0,4.14,4.14
400,04/05/2020,166152,6993,Alemanha,61,165594.33333333334,6890.333333333333,680.0,60.33333333333394,855.0,,4.21,4.21
401,05/05/2020,167007,6993,Alemanha,62,166274.33333333334,6950.666666666667,832.666666666657,136.33333333333303,1155.0,282.0,4.19,4.19
402,06/05/2020,168162,7275,Alemanha,63,167107.0,7087.0,1092.666666666657,133.0,1268.0,117.0,4.33,4.33
403,07/05/2020,169430,7392,Alemanha,64,168199.66666666666,7220.0,1193.666666666686,172.33333333333303,1158.0,118.0,4.36,4.36
404,08/05/2020,170588,7510,Alemanha,65,169393.33333333334,7392.333333333333,1054.0,91.33333333333394,736.0,39.0,4.4,4.4
405,09/05/2020,171324,7549,Alemanha,66,170447.33333333334,7483.666666666667,816.3333333333139,59.0,555.0,20.0,4.41,4.41
406,10/05/2020,171879,7569,Alemanha,67,171263.66666666666,7542.666666666667,662.6666666666861,50.33333333333303,697.0,92.0,4.4,4.4
407,11/05/2020,172576,7661,Alemanha,68,171926.33333333334,7593.0,615.666666666657,63.0,595.0,77.0,4.44,4.44
408,12/05/2020,173171,7738,Alemanha,69,172542.0,7656.0,739.666666666657,97.33333333333303,927.0,123.0,4.47,4.47
409,13/05/2020,174098,7861,Alemanha,70,173281.66666666666,7753.333333333333,634.0,74.33333333333394,380.0,23.0,4.52,4.52
410,14/05/2020,174478,7884,Alemanha,71,173915.66666666666,7827.666666666667,687.333333333343,53.0,755.0,13.0,4.52,4.52
411,15/05/2020,175233,7897,Alemanha,72,174603.0,7880.666666666667,551.333333333343,25.66666666666606,519.0,41.0,4.51,4.51
412,16/05/2020,175752,7938,Alemanha,73,175154.33333333334,7906.333333333333,630.3333333333139,26.0,617.0,24.0,4.52,4.52
413,17/05/2020,176369,7962,Alemanha,74,175784.66666666666,7932.333333333333,439.33333333334303,35.33333333333394,182.0,41.0,4.51,4.51
414,18/05/2020,176551,8003,Alemanha,75,176224.0,7967.666666666667,675.333333333343,47.66666666666606,1227.0,78.0,4.53,4.53
415,19/05/2020,177778,8081,Alemanha,76,176899.33333333334,8015.333333333333,701.3333333333139,60.66666666666697,695.0,63.0,4.55,4.55
416,20/05/2020,178473,8144,Alemanha,77,177600.66666666666,8076.0,823.333333333343,66.66666666666697,548.0,59.0,4.56,4.56
417,21/05/2020,179021,8203,Alemanha,78,178424.0,8142.666666666667,644.0,49.0,689.0,25.0,4.58,4.58
418,22/05/2020,179710,8228,Alemanha,79,179068.0,8191.666666666667,504.33333333334303,38.99999999999909,276.0,33.0,4.58,4.58
419,23/05/2020,179986,8261,Alemanha,80,179572.33333333334,8230.666666666666,435.66666666665697,26.66666666666788,342.0,22.0,4.59,4.59
420,24/05/2020,180328,8283,Alemanha,81,180008.0,8257.333333333334,296.66666666665697,27.0,272.0,26.0,4.59,4.59
421,25/05/2020,180600,8309,Alemanha,82,180304.66666666666,8284.333333333334,404.66666666668607,37.0,600.0,63.0,4.6,4.6
422,26/05/2020,181200,8372,Alemanha,83,180709.33333333334,8321.333333333334,398.66666666665697,48.33333333333212,324.0,56.0,4.62,4.62
423,27/05/2020,181524,8428,Alemanha,84,181108.0,8369.666666666666,532.0,53.66666666666788,672.0,42.0,4.64,4.64
424,28/05/2020,182196,8470,Alemanha,85,181640.0,8423.333333333334,,,,,4.65,4.65
425,20/03/2020,359,4,Turquia,0,359.0,4.0,155.5,2.5,311.0,5.0,1.11,1.11
426,21/03/2020,670,9,Turquia,1,514.5,6.5,240.5,7.833333333333334,566.0,21.0,1.34,1.34
427,22/03/2020,1236,30,Turquia,2,755.0,14.333333333333334,390.0,10.999999999999998,293.0,7.0,2.43,2.43
428,23/03/2020,1529,37,Turquia,3,1145.0,25.333333333333332,400.66666666666674,11.666666666666668,343.0,7.0,2.42,2.42
429,24/03/2020,1872,44,Turquia,4,1545.6666666666667,37.0,399.0,9.666666666666664,561.0,15.0,2.35,2.35
430,25/03/2020,2433,59,Turquia,5,1944.6666666666667,46.666666666666664,699.9999999999998,12.666666666666671,1196.0,16.0,2.42,2.42
431,26/03/2020,3629,75,Turquia,6,2644.6666666666665,59.333333333333336,1275.3333333333335,15.999999999999993,2069.0,17.0,2.07,2.07
432,27/03/2020,5698,92,Turquia,7,3920.0,75.33333333333333,1656.333333333333,16.333333333333343,1704.0,16.0,1.61,1.61
433,28/03/2020,7402,108,Turquia,8,5576.333333333333,91.66666666666667,1862.666666666667,18.666666666666657,1815.0,23.0,1.46,1.46
434,29/03/2020,9217,131,Turquia,9,7439.0,110.33333333333333,1709.666666666666,25.33333333333333,1610.0,37.0,1.42,1.42
435,30/03/2020,10827,168,Turquia,10,9148.666666666666,135.66666666666666,2043.0,35.33333333333334,2704.0,46.0,1.55,1.55
436,31/03/2020,13531,214,Turquia,11,11191.666666666666,171.0,2154.0,48.66666666666666,2148.0,63.0,1.58,1.58
437,01/04/2020,15679,277,Turquia,12,13345.666666666666,219.66666666666666,2436.0,62.66666666666666,2456.0,79.0,1.77,1.77
438,02/04/2020,18135,356,Turquia,13,15781.666666666666,282.3333333333333,2463.333333333334,70.33333333333337,2786.0,69.0,1.96,1.96
439,03/04/2020,20921,425,Turquia,14,18245.0,352.6666666666667,2751.666666666668,74.66666666666663,3013.0,76.0,2.03,2.03
440,04/04/2020,23934,501,Turquia,15,20996.666666666668,427.3333333333333,2978.0,72.66666666666669,3135.0,73.0,2.09,2.09
441,05/04/2020,27069,574,Turquia,16,23974.666666666668,500.0,3098.6666666666642,74.66666666666663,3148.0,75.0,2.12,2.12
442,06/04/2020,30217,649,Turquia,17,27073.333333333332,574.6666666666666,3391.666666666668,74.66666666666674,3892.0,76.0,2.15,2.15
443,07/04/2020,34109,725,Turquia,18,30465.0,649.3333333333334,3719.0,79.33333333333326,4117.0,87.0,2.13,2.13
444,08/04/2020,38226,812,Turquia,19,34184.0,728.6666666666666,4021.6666666666642,86.33333333333337,4056.0,96.0,2.12,2.12
445,09/04/2020,42282,908,Turquia,20,38205.666666666664,815.0,4306.6666666666715,93.66666666666663,4747.0,98.0,2.15,2.15
446,10/04/2020,47029,1006,Turquia,21,42512.333333333336,908.6666666666666,4647.0,96.33333333333337,5138.0,95.0,2.14,2.14
447,11/04/2020,52167,1101,Turquia,22,47159.333333333336,1005.0,4891.3333333333285,96.66666666666674,4789.0,97.0,2.11,2.11
448,12/04/2020,56956,1198,Turquia,23,52050.666666666664,1101.6666666666667,4673.333333333336,96.66666666666652,4093.0,98.0,2.1,2.1
449,13/04/2020,61049,1296,Turquia,24,56724.0,1198.3333333333333,4314.666666666664,100.66666666666674,4062.0,107.0,2.12,2.12
450,14/04/2020,65111,1403,Turquia,25,61038.666666666664,1299.0,4145.333333333336,106.66666666666674,4281.0,115.0,2.15,2.15
451,15/04/2020,69392,1518,Turquia,26,65184.0,1405.6666666666667,4381.3333333333285,115.66666666666652,4801.0,125.0,2.19,2.19
452,16/04/2020,74193,1643,Turquia,27,69565.33333333333,1521.3333333333333,4478.333333333343,122.0,4353.0,126.0,2.21,2.21
453,17/04/2020,78546,1769,Turquia,28,74043.66666666667,1643.3333333333333,4312.3333333333285,124.0,3783.0,121.0,2.25,2.25
454,18/04/2020,82329,1890,Turquia,29,78356.0,1767.3333333333333,4037.6666666666715,124.66666666666674,3977.0,127.0,2.3,2.3
455,19/04/2020,86306,2017,Turquia,30,82393.66666666667,1892.0,4144.666666666657,123.66666666666674,4674.0,123.0,2.34,2.34
456,20/04/2020,90980,2140,Turquia,31,86538.33333333333,2015.6666666666667,4420.6666666666715,122.99999999999977,4611.0,119.0,2.35,2.35
457,21/04/2020,95591,2259,Turquia,32,90959.0,2138.6666666666665,4122.6666666666715,119.66666666666697,3083.0,117.0,2.36,2.36
458,22/04/2020,98674,2376,Turquia,33,95081.66666666667,2258.3333333333335,3603.3333333333285,117.0,3116.0,115.0,2.41,2.41
459,23/04/2020,101790,2491,Turquia,34,98685.0,2375.3333333333335,3107.0,113.66666666666652,3122.0,109.0,2.45,2.45
460,24/04/2020,104912,2600,Turquia,35,101792.0,2489.0,3033.0,110.0,2861.0,106.0,2.48,2.48
461,25/04/2020,107773,2706,Turquia,36,104825.0,2599.0,2780.0,104.66666666666652,2357.0,99.0,2.51,2.51
462,26/04/2020,110130,2805,Turquia,37,107605.0,2703.6666666666665,2449.6666666666715,100.0,2131.0,95.0,2.55,2.55
463,27/04/2020,112261,2900,Turquia,38,110054.66666666667,2803.6666666666665,2293.3333333333285,95.33333333333348,2392.0,92.0,2.58,2.58
464,28/04/2020,114653,2992,Turquia,39,112348.0,2899.0,2486.3333333333285,92.0,2936.0,89.0,2.61,2.61
465,29/04/2020,117589,3081,Turquia,40,114834.33333333333,2991.0,2647.6666666666715,91.33333333333348,2615.0,93.0,2.62,2.62
466,30/04/2020,120204,3174,Turquia,41,117482.0,3082.3333333333335,2579.6666666666715,88.66666666666652,2188.0,84.0,2.64,2.64
467,01/05/2020,122392,3258,Turquia,42,120061.66666666667,3171.0,2262.0,85.0,1983.0,78.0,2.66,2.66
468,02/05/2020,124375,3336,Turquia,43,122323.66666666667,3256.0,1947.0,74.33333333333348,1670.0,61.0,2.68,2.68
469,03/05/2020,126045,3397,Turquia,44,124270.66666666667,3330.3333333333335,1755.666666666657,67.66666666666652,1614.0,64.0,2.7,2.7
470,04/05/2020,127659,3461,Turquia,45,126026.33333333333,3398.0,1705.333333333343,61.333333333333485,1832.0,59.0,2.71,2.71
471,05/05/2020,129491,3520,Turquia,46,127731.66666666667,3459.3333333333335,1899.666666666657,62.33333333333303,2253.0,64.0,2.72,2.72
472,06/05/2020,131744,3584,Turquia,47,129631.33333333333,3521.6666666666665,2020.6666666666715,60.0,1977.0,57.0,2.72,2.72
473,07/05/2020,133721,3641,Turquia,48,131652.0,3581.6666666666665,2026.0,56.333333333333485,1848.0,48.0,2.72,2.72
474,08/05/2020,135569,3689,Turquia,49,133678.0,3638.0,1790.333333333343,51.666666666666515,1546.0,50.0,2.72,2.72
475,09/05/2020,137115,3739,Turquia,50,135468.33333333334,3689.6666666666665,1645.333333333314,48.333333333333485,1542.0,47.0,2.73,2.73
476,10/05/2020,138657,3786,Turquia,51,137113.66666666666,3738.0,1400.666666666686,50.666666666666515,1114.0,55.0,2.73,2.73
477,11/05/2020,139771,3841,Turquia,52,138514.33333333334,3788.6666666666665,1453.333333333314,51.66666666666697,1704.0,53.0,2.75,2.75
478,12/05/2020,141475,3894,Turquia,53,139967.66666666666,3840.3333333333335,1485.666666666686,55.33333333333303,1639.0,58.0,2.75,2.75
479,13/05/2020,143114,3952,Turquia,54,141453.33333333334,3895.6666666666665,1659.333333333314,55.333333333333485,1635.0,55.0,2.76,2.76
480,14/05/2020,144749,4007,Turquia,55,143112.66666666666,3951.0,1660.666666666686,53.666666666666515,1708.0,48.0,2.77,2.77
481,15/05/2020,146457,4055,Turquia,56,144773.33333333334,4004.6666666666665,1651.0,48.0,1610.0,41.0,2.77,2.77
482,16/05/2020,148067,4096,Turquia,57,146424.33333333334,4052.6666666666665,1562.0,44.333333333333485,1368.0,44.0,2.77,2.77
483,17/05/2020,149435,4140,Turquia,58,147986.33333333334,4097.0,1378.666666666657,38.66666666666697,1158.0,31.0,2.77,2.77
484,18/05/2020,150593,4171,Turquia,59,149365.0,4135.666666666667,1182.666666666657,34.33333333333303,1022.0,28.0,2.77,2.77
485,19/05/2020,151615,4199,Turquia,60,150547.66666666666,4170.0,1050.666666666686,27.33333333333303,972.0,23.0,2.77,2.77
486,20/05/2020,152587,4222,Turquia,61,151598.33333333334,4197.333333333333,985.0,26.0,961.0,27.0,2.77,2.77
487,21/05/2020,153548,4249,Turquia,62,152583.33333333334,4223.333333333333,961.666666666657,25.66666666666697,952.0,27.0,2.77,2.77
488,22/05/2020,154500,4276,Turquia,63,153545.0,4249.0,1033.0,28.66666666666697,1186.0,32.0,2.77,2.77
489,23/05/2020,155686,4308,Turquia,64,154578.0,4277.666666666667,1093.0,30.33333333333303,1141.0,32.0,2.77,2.77
490,24/05/2020,156827,4340,Turquia,65,155671.0,4308.0,1104.666666666657,31.0,987.0,29.0,2.77,2.77
491,25/05/2020,157814,4369,Turquia,66,156775.66666666666,4339.0,1025.333333333343,29.66666666666697,948.0,28.0,2.77,2.77
492,26/05/2020,158762,4397,Turquia,67,157801.0,4368.666666666667,990.0,30.33333333333303,1035.0,34.0,2.77,2.77
493,27/05/2020,159797,4431,Turquia,68,158791.0,4399.0,1055.0,30.66666666666697,1182.0,30.0,2.77,2.77
494,28/05/2020,160979,4461,Turquia,69,159846.0,4429.666666666667,,,,,2.77,2.77
495,20/03/2020,202,0,África do Sul,0,202.0,0.0,19.0,,38.0,,0.0,0.0
496,21/03/2020,240,0,África do Sul,1,221.0,0.0,17.666666666666657,,34.0,,0.0,0.0
497,22/03/2020,274,0,África do Sul,2,238.66666666666666,0.0,66.66666666666666,,128.0,,0.0,0.0
498,23/03/2020,402,0,África do Sul,3,305.3333333333333,0.0,104.66666666666669,,152.0,,0.0,0.0
499,24/03/2020,554,0,África do Sul,4,410.0,0.0,145.0,,155.0,,0.0,0.0
500,25/03/2020,709,0,África do Sul,5,555.0,0.0,175.0,,218.0,,0.0,0.0
501,26/03/2020,927,0,África do Sul,6,730.0,0.0,205.33333333333337,0.3333333333333333,243.0,1.0,0.0,0.0
502,27/03/2020,1170,1,África do Sul,7,935.3333333333334,0.3333333333333333,159.33333333333337,0.3333333333333333,17.0,,0.09,0.09
503,28/03/2020,1187,1,África do Sul,8,1094.6666666666667,0.6666666666666666,117.66666666666652,0.6666666666666666,93.0,1.0,0.08,0.08
504,29/03/2020,1280,2,África do Sul,9,1212.3333333333333,1.3333333333333333,52.0,0.6666666666666667,46.0,1.0,0.16,0.16
505,30/03/2020,1326,3,África do Sul,10,1264.3333333333333,2.0,55.333333333333485,1.3333333333333335,27.0,2.0,0.23,0.23
506,31/03/2020,1353,5,África do Sul,11,1319.6666666666667,3.3333333333333335,33.33333333333326,0.9999999999999996,27.0,,0.37,0.37
507,01/04/2020,1380,5,África do Sul,12,1353.0,4.333333333333333,45.33333333333326,0.666666666666667,82.0,,0.36,0.36
508,02/04/2020,1462,5,África do Sul,13,1398.3333333333333,5.0,50.66666666666674,1.333333333333333,43.0,4.0,0.34,0.34
509,03/04/2020,1505,9,África do Sul,14,1449.0,6.333333333333333,68.33333333333326,1.333333333333334,80.0,,0.6,0.6
510,04/04/2020,1585,9,África do Sul,15,1517.3333333333333,7.666666666666667,64.33333333333348,1.9999999999999991,70.0,2.0,0.57,0.57
511,05/04/2020,1655,11,África do Sul,16,1581.6666666666667,9.666666666666666,60.33333333333326,1.0,31.0,1.0,0.66,0.66
512,06/04/2020,1686,12,África do Sul,17,1642.0,10.666666666666666,54.66666666666674,1.333333333333334,63.0,1.0,0.71,0.71
513,07/04/2020,1749,13,África do Sul,18,1696.6666666666667,12.0,63.33333333333326,2.333333333333334,96.0,5.0,0.74,0.74
514,08/04/2020,1845,18,África do Sul,19,1760.0,14.333333333333334,82.66666666666674,1.9999999999999982,89.0,,0.98,0.98
515,09/04/2020,1934,18,África do Sul,20,1842.6666666666667,16.333333333333332,84.66666666666652,3.666666666666668,69.0,6.0,0.93,0.93
516,10/04/2020,2003,24,África do Sul,21,1927.3333333333333,20.0,61.0,2.333333333333332,25.0,1.0,1.2,1.2
517,11/04/2020,2028,25,África do Sul,22,1988.3333333333333,22.333333333333332,79.66666666666674,2.3333333333333357,145.0,,1.23,1.23
518,12/04/2020,2173,25,África do Sul,23,2068.0,24.666666666666668,89.66666666666652,1.0,99.0,2.0,1.15,1.15
519,13/04/2020,2272,27,África do Sul,24,2157.6666666666665,25.666666666666668,129.0,0.6666666666666643,143.0,,1.19,1.19
520,14/04/2020,2415,27,África do Sul,25,2286.6666666666665,26.333333333333332,111.0,3.0,91.0,7.0,1.12,1.12
521,15/04/2020,2506,34,África do Sul,26,2397.6666666666665,29.333333333333332,111.0,7.0000000000000036,99.0,14.0,1.36,1.36
522,16/04/2020,2605,48,África do Sul,27,2508.6666666666665,36.333333333333336,122.66666666666697,7.666666666666664,178.0,2.0,1.84,1.84
523,17/04/2020,2783,50,África do Sul,28,2631.3333333333335,44.0,176.0,6.0,251.0,2.0,1.8,1.8
524,18/04/2020,3034,52,África do Sul,29,2807.3333333333335,50.0,184.33333333333303,2.0,124.0,2.0,1.71,1.71
525,19/04/2020,3158,54,África do Sul,30,2991.6666666666665,52.0,172.33333333333348,2.6666666666666643,142.0,4.0,1.71,1.71
526,20/04/2020,3300,58,África do Sul,31,3164.0,54.666666666666664,143.66666666666652,2.0,165.0,,1.76,1.76
527,21/04/2020,3465,58,África do Sul,32,3307.6666666666665,56.666666666666664,159.0,3.6666666666666714,170.0,7.0,1.67,1.67
528,22/04/2020,3635,65,África do Sul,33,3466.6666666666665,60.333333333333336,217.66666666666697,5.666666666666664,318.0,10.0,1.79,1.79
529,23/04/2020,3953,75,África do Sul,34,3684.3333333333335,66.0,251.66666666666652,7.0,267.0,4.0,1.9,1.9
530,24/04/2020,4220,79,África do Sul,35,3936.0,73.0,242.0,7.0,141.0,7.0,1.87,1.87
531,25/04/2020,4361,86,África do Sul,36,4178.0,80.0,197.66666666666697,4.0,185.0,1.0,1.97,1.97
532,26/04/2020,4546,87,África do Sul,37,4375.666666666667,84.0,191.0,3.6666666666666714,247.0,3.0,1.91,1.91
533,27/04/2020,4793,90,África do Sul,38,4566.666666666667,87.66666666666667,211.66666666666606,2.3333333333333286,203.0,3.0,1.88,1.88
534,28/04/2020,4996,93,África do Sul,39,4778.333333333333,90.0,268.0,5.333333333333329,354.0,10.0,1.86,1.86
535,29/04/2020,5350,103,África do Sul,40,5046.333333333333,95.33333333333333,284.66666666666697,4.333333333333343,297.0,,1.93,1.93
536,30/04/2020,5647,103,África do Sul,41,5331.0,99.66666666666667,318.33333333333303,7.666666666666657,304.0,13.0,1.82,1.82
537,01/05/2020,5951,116,África do Sul,42,5649.333333333333,107.33333333333333,328.66666666666697,6.666666666666671,385.0,7.0,1.95,1.95
538,02/05/2020,6336,123,África do Sul,43,5978.0,114.0,378.66666666666697,9.333333333333329,447.0,8.0,1.94,1.94
539,03/05/2020,6783,131,África do Sul,44,6356.666666666667,123.33333333333333,423.0,7.333333333333329,437.0,7.0,1.93,1.93
540,04/05/2020,7220,138,África do Sul,45,6779.666666666667,130.66666666666666,412.0,8.333333333333343,352.0,10.0,1.91,1.91
541,05/05/2020,7572,148,África do Sul,46,7191.666666666667,139.0,341.66666666666606,7.333333333333343,236.0,5.0,1.95,1.95
542,06/05/2020,7808,153,África do Sul,47,7533.333333333333,146.33333333333334,337.33333333333394,7.666666666666657,424.0,8.0,1.96,1.96
543,07/05/2020,8232,161,África do Sul,48,7870.666666666667,154.0,440.9999999999991,10.0,663.0,17.0,1.96,1.96
544,08/05/2020,8895,178,África do Sul,49,8311.666666666666,164.0,537.3333333333339,11.0,525.0,8.0,2.0,2.0
545,09/05/2020,9420,186,África do Sul,50,8849.0,175.0,594.3333333333339,11.0,595.0,8.0,1.97,1.97
546,10/05/2020,10015,194,África do Sul,51,9443.333333333334,186.0,585.6666666666661,9.333333333333343,637.0,12.0,1.94,1.94
547,11/05/2020,10652,206,África do Sul,52,10029.0,195.33333333333334,643.3333333333339,6.666666666666657,698.0,,1.93,1.93
548,12/05/2020,11350,206,África do Sul,53,10672.333333333334,202.0,686.3333333333321,8.333333333333343,724.0,13.0,1.81,1.81
549,13/05/2020,12074,219,África do Sul,54,11358.666666666666,210.33333333333334,695.6666666666679,10.666666666666657,665.0,19.0,1.81,1.81
550,14/05/2020,12739,238,África do Sul,55,12054.333333333334,221.0,724.6666666666661,13.666666666666657,785.0,9.0,1.87,1.87
551,15/05/2020,13524,247,África do Sul,56,12779.0,234.66666666666666,760.3333333333339,14.0,831.0,14.0,1.83,1.83
552,16/05/2020,14355,261,África do Sul,57,13539.333333333334,248.66666666666666,925.3333333333321,8.666666666666657,1160.0,3.0,1.82,1.82
553,17/05/2020,15515,264,África do Sul,58,14464.666666666666,257.3333333333333,969.6666666666679,13.0,918.0,22.0,1.7,1.7
554,18/05/2020,16433,286,África do Sul,59,15434.333333333334,270.3333333333333,948.3333333333321,17.0,767.0,26.0,1.74,1.74
555,19/05/2020,17200,312,África do Sul,60,16382.666666666666,287.3333333333333,829.3333333333339,25.0,803.0,27.0,1.81,1.81
556,20/05/2020,18003,339,África do Sul,61,17212.0,312.3333333333333,901.3333333333321,27.666666666666686,1134.0,30.0,1.88,1.88
557,21/05/2020,19137,369,África do Sul,62,18113.333333333332,340.0,975.0,28.333333333333314,988.0,28.0,1.93,1.93
558,22/05/2020,20125,397,África do Sul,63,19088.333333333332,368.3333333333333,1113.3333333333358,22.666666666666686,1218.0,10.0,1.97,1.97
559,23/05/2020,21343,407,África do Sul,64,20201.666666666668,391.0,1148.6666666666642,20.0,1240.0,22.0,1.91,1.91
560,24/05/2020,22583,429,África do Sul,65,21350.333333333332,411.0,1163.3333333333358,28.0,1032.0,52.0,1.9,1.9
561,25/05/2020,23615,481,África do Sul,66,22513.666666666668,439.0,973.6666666666642,39.0,649.0,43.0,2.04,2.04
562,26/05/2020,24264,524,África do Sul,67,23487.333333333332,478.0,1118.0,41.0,1673.0,28.0,2.16,2.16
563,27/05/2020,25937,552,África do Sul,68,24605.333333333332,519.0,1262.6666666666679,32.0,1466.0,25.0,2.13,2.13
564,28/05/2020,27403,577,África do Sul,69,25868.0,551.0,,,,,2.11,2.11
565,21/02/2020,204,2,Coreia do Sul,0,204.0,2.0,114.5,,229.0,,0.98,0.98
566,22/02/2020,433,2,Coreia do Sul,1,318.5,2.0,94.5,1.3333333333333335,169.0,4.0,0.46,0.46
567,23/02/2020,602,6,Coreia do Sul,2,413.0,3.3333333333333335,209.66666666666663,1.9999999999999996,231.0,2.0,1.0,1.0
568,24/02/2020,833,8,Coreia do Sul,3,622.6666666666666,5.333333333333333,181.33333333333337,2.666666666666667,144.0,2.0,0.96,0.96
569,25/02/2020,977,10,Coreia do Sul,4,804.0,8.0,219.66666666666663,2.0,284.0,2.0,1.02,1.02
570,26/02/2020,1261,12,Coreia do Sul,5,1023.6666666666666,10.0,311.0000000000001,1.666666666666666,505.0,1.0,0.95,0.95
571,27/02/2020,1766,13,Coreia do Sul,6,1334.6666666666667,11.666666666666666,453.33333333333326,1.0,571.0,,0.74,0.74
572,28/02/2020,2337,13,Coreia do Sul,7,1788.0,12.666666666666666,629.6666666666665,1.333333333333334,813.0,3.0,0.56,0.56
573,29/02/2020,3150,16,Coreia do Sul,8,2417.6666666666665,14.0,656.666666666667,1.333333333333334,586.0,1.0,0.51,0.51
574,01/03/2020,3736,17,Coreia do Sul,9,3074.3333333333335,15.333333333333334,666.0,4.999999999999998,599.0,11.0,0.46,0.46
575,02/03/2020,4335,28,Coreia do Sul,10,3740.3333333333335,20.333333333333332,678.6666666666665,4.0,851.0,,0.65,0.65
576,03/03/2020,5186,28,Coreia do Sul,11,4419.0,24.333333333333332,628.333333333333,6.0,435.0,7.0,0.54,0.54
577,04/03/2020,5621,35,Coreia do Sul,12,5047.333333333333,30.333333333333332,584.3333333333339,2.333333333333332,467.0,,0.62,0.62
578,05/03/2020,6088,35,Coreia do Sul,13,5631.666666666667,32.666666666666664,469.0,4.666666666666671,505.0,7.0,0.57,0.57
579,06/03/2020,6593,42,Coreia do Sul,14,6100.666666666667,37.333333333333336,473.33333333333303,3.0,448.0,2.0,0.64,0.64
580,07/03/2020,7041,44,Coreia do Sul,15,6574.0,40.333333333333336,408.66666666666697,5.0,273.0,6.0,0.62,0.62
581,08/03/2020,7314,50,Coreia do Sul,16,6982.666666666667,45.333333333333336,295.0,3.6666666666666643,164.0,3.0,0.68,0.68
582,09/03/2020,7478,53,Coreia do Sul,17,7277.666666666667,49.0,157.33333333333303,3.3333333333333357,35.0,1.0,0.71,0.71
583,10/03/2020,7513,54,Coreia do Sul,18,7435.0,52.333333333333336,147.0,3.3333333333333286,242.0,6.0,0.72,0.72
584,11/03/2020,7755,60,Coreia do Sul,19,7582.0,55.666666666666664,130.33333333333303,4.333333333333336,114.0,6.0,0.77,0.77
585,12/03/2020,7869,66,Coreia do Sul,20,7712.333333333333,60.0,155.33333333333394,4.0,110.0,,0.84,0.84
586,13/03/2020,7979,66,Coreia do Sul,21,7867.666666666667,64.0,110.33333333333303,4.0,107.0,6.0,0.83,0.83
587,14/03/2020,8086,72,Coreia do Sul,22,7978.0,68.0,97.66666666666697,3.0,76.0,3.0,0.89,0.89
588,15/03/2020,8162,75,Coreia do Sul,23,8075.666666666667,71.0,85.66666666666606,3.0,74.0,,0.92,0.92
589,16/03/2020,8236,75,Coreia do Sul,24,8161.333333333333,74.0,78.00000000000091,3.0,84.0,6.0,0.91,0.91
590,17/03/2020,8320,81,Coreia do Sul,25,8239.333333333334,77.0,83.66666666666606,3.0,93.0,3.0,0.97,0.97
591,18/03/2020,8413,84,Coreia do Sul,26,8323.0,80.0,109.66666666666606,5.333333333333329,152.0,7.0,1.0,1.0
592,19/03/2020,8565,91,Coreia do Sul,27,8432.666666666666,85.33333333333333,110.66666666666788,4.333333333333343,87.0,3.0,1.06,1.06
593,20/03/2020,8652,94,Coreia do Sul,28,8543.333333333334,89.66666666666667,128.66666666666606,6.0,147.0,8.0,1.09,1.09
594,21/03/2020,8799,102,Coreia do Sul,29,8672.0,95.66666666666667,132.0,6.666666666666657,162.0,9.0,1.16,1.16
595,22/03/2020,8961,111,Coreia do Sul,30,8804.0,102.33333333333333,103.0,5.666666666666671,,,1.24,1.24
596,23/03/2020,8961,111,Coreia do Sul,31,8907.0,108.0,79.33333333333394,6.0,76.0,9.0,1.24,1.24
597,24/03/2020,9037,120,Coreia do Sul,32,8986.333333333334,114.0,58.66666666666606,5.0,100.0,6.0,1.33,1.33
598,25/03/2020,9137,126,Coreia do Sul,33,9045.0,119.0,93.33333333333394,6.666666666666671,104.0,5.0,1.38,1.38
599,26/03/2020,9241,131,Coreia do Sul,34,9138.333333333334,125.66666666666667,98.33333333333212,6.333333333333329,91.0,8.0,1.42,1.42
600,27/03/2020,9332,139,Coreia do Sul,35,9236.666666666666,132.0,113.66666666666788,6.0,146.0,5.0,1.49,1.49
601,28/03/2020,9478,144,Coreia do Sul,36,9350.333333333334,138.0,114.0,7.0,105.0,8.0,1.52,1.52
602,29/03/2020,9583,152,Coreia do Sul,37,9464.333333333334,145.0,109.66666666666606,6.333333333333343,78.0,6.0,1.59,1.59
603,30/03/2020,9661,158,Coreia do Sul,38,9574.0,151.33333333333334,102.66666666666606,6.0,125.0,4.0,1.64,1.64
604,31/03/2020,9786,162,Coreia do Sul,39,9676.666666666666,157.33333333333334,101.33333333333394,4.333333333333314,101.0,3.0,1.66,1.66
605,01/04/2020,9887,165,Coreia do Sul,40,9778.0,161.66666666666666,105.0,3.6666666666666856,89.0,4.0,1.67,1.67
606,02/04/2020,9976,169,Coreia do Sul,41,9883.0,165.33333333333334,92.0,4.0,86.0,5.0,1.69,1.69
607,03/04/2020,10062,174,Coreia do Sul,42,9975.0,169.33333333333334,89.66666666666606,4.0,94.0,3.0,1.73,1.73
608,04/04/2020,10156,177,Coreia do Sul,43,10064.666666666666,173.33333333333334,87.0,4.666666666666657,81.0,6.0,1.74,1.74
609,05/04/2020,10237,183,Coreia do Sul,44,10151.666666666666,178.0,74.0,4.0,47.0,3.0,1.79,1.79
610,06/04/2020,10284,186,Coreia do Sul,45,10225.666666666666,182.0,58.33333333333394,5.0,47.0,6.0,1.81,1.81
611,07/04/2020,10331,192,Coreia do Sul,46,10284.0,187.0,49.0,5.666666666666657,53.0,8.0,1.86,1.86
612,08/04/2020,10384,200,Coreia do Sul,47,10333.0,192.66666666666666,46.33333333333394,6.0,39.0,4.0,1.93,1.93
613,09/04/2020,10423,204,Coreia do Sul,48,10379.333333333334,198.66666666666666,39.66666666666606,5.333333333333343,27.0,4.0,1.96,1.96
614,10/04/2020,10450,208,Coreia do Sul,49,10419.0,204.0,32.0,3.666666666666657,30.0,3.0,1.99,1.99
615,11/04/2020,10480,211,Coreia do Sul,50,10451.0,207.66666666666666,29.66666666666606,3.333333333333343,32.0,3.0,2.01,2.01
616,12/04/2020,10512,214,Coreia do Sul,51,10480.666666666666,211.0,29.0,3.0,25.0,3.0,2.04,2.04
617,13/04/2020,10537,217,Coreia do Sul,52,10509.666666666666,214.0,28.0,3.666666666666657,27.0,5.0,2.06,2.06
618,14/04/2020,10564,222,Coreia do Sul,53,10537.666666666666,217.66666666666666,26.33333333333394,3.6666666666666856,27.0,3.0,2.1,2.1
619,15/04/2020,10591,225,Coreia do Sul,54,10564.0,221.33333333333334,25.33333333333394,4.0,22.0,4.0,2.12,2.12
620,16/04/2020,10613,229,Coreia do Sul,55,10589.333333333334,225.33333333333334,23.66666666666606,2.666666666666657,22.0,1.0,2.16,2.16
621,17/04/2020,10635,230,Coreia do Sul,56,10613.0,228.0,20.66666666666606,2.333333333333343,18.0,2.0,2.16,2.16
622,18/04/2020,10653,232,Coreia do Sul,57,10633.666666666666,230.33333333333334,16.0,1.6666666666666572,8.0,2.0,2.18,2.18
623,19/04/2020,10661,234,Coreia do Sul,58,10649.666666666666,232.0,13.0,2.0,13.0,2.0,2.19,2.19
624,20/04/2020,10674,236,Coreia do Sul,59,10662.666666666666,234.0,10.0,1.6666666666666572,9.0,1.0,2.21,2.21
625,21/04/2020,10683,237,Coreia do Sul,60,10672.666666666666,235.66666666666666,11.0,1.3333333333333428,11.0,1.0,2.22,2.22
626,22/04/2020,10694,238,Coreia do Sul,61,10683.666666666666,237.0,11.33333333333394,1.3333333333333428,14.0,2.0,2.23,2.23
627,23/04/2020,10708,240,Coreia do Sul,62,10695.0,238.33333333333334,11.66666666666606,1.0,10.0,,2.24,2.24
628,24/04/2020,10718,240,Coreia do Sul,63,10706.666666666666,239.33333333333334,11.33333333333394,1.3333333333333144,10.0,2.0,2.24,2.24
629,25/04/2020,10728,242,Coreia do Sul,64,10718.0,240.66666666666666,10.0,1.0,10.0,1.0,2.26,2.26
630,26/04/2020,10738,243,Coreia do Sul,65,10728.0,241.66666666666666,11.33333333333394,1.3333333333333428,14.0,1.0,2.26,2.26
631,27/04/2020,10752,244,Coreia do Sul,66,10739.333333333334,243.0,11.0,1.3333333333333428,9.0,2.0,2.27,2.27
632,28/04/2020,10761,246,Coreia do Sul,67,10750.333333333334,244.33333333333334,9.0,1.3333333333333144,4.0,1.0,2.29,2.29
633,29/04/2020,10765,247,Coreia do Sul,68,10759.333333333334,245.66666666666666,7.333333333332121,1.3333333333333428,9.0,1.0,2.29,2.29
634,30/04/2020,10774,248,Coreia do Sul,69,10766.666666666666,247.0,6.33333333333394,1.3333333333333428,6.0,2.0,2.3,2.3
635,01/05/2020,10780,250,Coreia do Sul,70,10773.0,248.33333333333334,9.33333333333394,1.0,13.0,,2.32,2.32
636,02/05/2020,10793,250,Coreia do Sul,71,10782.333333333334,249.33333333333334,9.0,1.3333333333333144,8.0,2.0,2.32,2.32
637,03/05/2020,10801,252,Coreia do Sul,72,10791.333333333334,250.66666666666666,8.0,1.3333333333333428,3.0,2.0,2.33,2.33
638,04/05/2020,10804,254,Coreia do Sul,73,10799.333333333334,252.0,4.333333333332121,1.6666666666666572,2.0,1.0,2.35,2.35
639,05/05/2020,10806,255,Coreia do Sul,74,10803.666666666666,253.66666666666666,3.0,1.3333333333333428,4.0,1.0,2.36,2.36
640,06/05/2020,10810,256,Coreia do Sul,75,10806.666666666666,255.0,6.0,0.6666666666666572,12.0,,2.37,2.37
641,07/05/2020,10822,256,Coreia do Sul,76,10812.666666666666,255.66666666666666,11.33333333333394,0.3333333333333428,18.0,,2.37,2.37
642,08/05/2020,10840,256,Coreia do Sul,77,10824.0,256.0,21.33333333333394,,34.0,,2.36,2.36
643,09/05/2020,10874,256,Coreia do Sul,78,10845.333333333334,256.0,29.0,,35.0,,2.35,2.35
644,10/05/2020,10909,256,Coreia do Sul,79,10874.333333333334,256.0,32.0,0.6666666666666856,27.0,2.0,2.35,2.35
645,11/05/2020,10936,258,Coreia do Sul,80,10906.333333333334,256.6666666666667,29.33333333333212,1.0,26.0,1.0,2.36,2.36
646,12/05/2020,10962,259,Coreia do Sul,81,10935.666666666666,257.6666666666667,27.33333333333394,1.3333333333333144,29.0,1.0,2.36,2.36
647,13/05/2020,10991,260,Coreia do Sul,82,10963.0,259.0,27.33333333333394,0.6666666666666856,27.0,,2.37,2.37
648,14/05/2020,11018,260,Coreia do Sul,83,10990.333333333334,259.6666666666667,25.0,1.0,19.0,2.0,2.36,2.36
649,15/05/2020,11037,262,Coreia do Sul,84,11015.333333333334,260.6666666666667,19.66666666666606,0.6666666666666288,13.0,,2.37,2.37
650,16/05/2020,11050,262,Coreia do Sul,85,11035.0,261.3333333333333,15.66666666666606,1.0,15.0,1.0,2.37,2.37
651,17/05/2020,11065,263,Coreia do Sul,86,11050.666666666666,262.3333333333333,13.66666666666788,0.33333333333337123,13.0,,2.38,2.38
652,18/05/2020,11078,263,Coreia do Sul,87,11064.333333333334,262.6666666666667,20.0,0.3333333333333144,32.0,,2.37,2.37
653,19/05/2020,11110,263,Coreia do Sul,88,11084.333333333334,263.0,19.0,0.3333333333333144,12.0,1.0,2.37,2.37
654,20/05/2020,11122,264,Coreia do Sul,89,11103.333333333334,263.3333333333333,21.33333333333212,0.33333333333337123,20.0,,2.37,2.37
655,21/05/2020,11142,264,Coreia do Sul,90,11124.666666666666,263.6666666666667,18.33333333333394,1.0,23.0,2.0,2.37,2.37
656,22/05/2020,11165,266,Coreia do Sul,91,11143.0,264.6666666666667,22.66666666666606,0.6666666666666288,25.0,,2.38,2.38
657,23/05/2020,11190,266,Coreia do Sul,92,11165.666666666666,265.3333333333333,21.33333333333394,1.0,16.0,1.0,2.38,2.38
658,24/05/2020,11206,267,Coreia do Sul,93,11187.0,266.3333333333333,20.0,1.0,19.0,2.0,2.38,2.38
659,25/05/2020,11225,269,Coreia do Sul,94,11207.0,267.3333333333333,25.0,1.0,40.0,,2.4,2.4
660,26/05/2020,11265,269,Coreia do Sul,95,11232.0,268.3333333333333,46.0,0.6666666666666856,79.0,,2.39,2.39
661,27/05/2020,11344,269,Coreia do Sul,96,11278.0,269.0,59.0,,58.0,,2.37,2.37
662,28/05/2020,11402,269,Coreia do Sul,97,11337.0,269.0,,,,,2.36,2.36
663,20/03/2020,253,1,Russia,0,253.0,1.0,26.5,,53.0,,0.4,0.4
664,21/03/2020,306,1,Russia,1,279.5,1.0,29.166666666666686,,61.0,,0.33,0.33
665,22/03/2020,367,1,Russia,2,308.6666666666667,1.0,61.66666666666663,,71.0,,0.27,0.27
666,23/03/2020,438,1,Russia,3,370.3333333333333,1.0,63.0,,57.0,,0.23,0.23
667,24/03/2020,495,1,Russia,4,433.3333333333333,1.0,97.00000000000006,0.6666666666666667,163.0,2.0,0.2,0.2
668,25/03/2020,658,3,Russia,5,530.3333333333334,1.6666666666666667,134.0,0.6666666666666667,182.0,,0.46,0.46
669,26/03/2020,840,3,Russia,6,664.3333333333334,2.3333333333333335,180.33333333333326,1.0,196.0,1.0,0.36,0.36
670,27/03/2020,1036,4,Russia,7,844.6666666666666,3.3333333333333335,202.0000000000001,0.33333333333333304,228.0,,0.39,0.39
671,28/03/2020,1264,4,Russia,8,1046.6666666666667,3.6666666666666665,231.33333333333326,1.6666666666666665,270.0,4.0,0.32,0.32
672,29/03/2020,1534,8,Russia,9,1278.0,5.333333333333333,266.66666666666674,1.666666666666667,302.0,1.0,0.52,0.52
673,30/03/2020,1836,9,Russia,10,1544.6666666666667,7.0,357.6666666666665,4.333333333333334,501.0,8.0,0.49,0.49
674,31/03/2020,2337,17,Russia,11,1902.3333333333333,11.333333333333334,414.33333333333326,5.333333333333334,440.0,7.0,0.73,0.73
675,01/04/2020,2777,24,Russia,12,2316.6666666666665,16.666666666666668,570.666666666667,7.0,771.0,6.0,0.86,0.86
676,02/04/2020,3548,30,Russia,13,2887.3333333333335,23.666666666666668,604.0,5.666666666666664,601.0,4.0,0.85,0.85
677,03/04/2020,4149,34,Russia,14,3491.3333333333335,29.333333333333332,651.3333333333335,6.333333333333332,582.0,9.0,0.82,0.82
678,04/04/2020,4731,43,Russia,15,4142.666666666667,35.666666666666664,613.6666666666661,5.0,658.0,2.0,0.91,0.91
679,05/04/2020,5389,45,Russia,16,4756.333333333333,40.666666666666664,731.3333333333339,4.333333333333336,954.0,2.0,0.84,0.84
680,06/04/2020,6343,47,Russia,17,5487.666666666667,45.0,922.0,5.0,1154.0,11.0,0.74,0.74
681,07/04/2020,7497,58,Russia,18,6409.666666666667,50.0,1094.333333333333,6.0,1175.0,5.0,0.77,0.77
682,08/04/2020,8672,63,Russia,19,7504.0,56.0,1262.666666666666,9.666666666666671,1459.0,13.0,0.73,0.73
683,09/04/2020,10131,76,Russia,20,8766.666666666666,65.66666666666667,1473.333333333334,12.0,1786.0,18.0,0.75,0.75
684,10/04/2020,11917,94,Russia,21,10240.0,77.66666666666667,1637.333333333334,14.333333333333329,1667.0,12.0,0.79,0.79
685,11/04/2020,13584,106,Russia,22,11877.333333333334,92.0,1879.666666666666,18.0,2186.0,24.0,0.78,0.78
686,12/04/2020,15770,130,Russia,23,13757.0,110.0,2137.0,18.0,2558.0,18.0,0.82,0.82
687,13/04/2020,18328,148,Russia,24,15894.0,128.0,2506.0,21.333333333333343,2774.0,22.0,0.81,0.81
688,14/04/2020,21102,170,Russia,25,18400.0,149.33333333333334,2906.666666666668,22.666666666666657,3388.0,28.0,0.81,0.81
689,15/04/2020,24490,198,Russia,26,21306.666666666668,172.0,3203.333333333332,28.0,3448.0,34.0,0.81,0.81
690,16/04/2020,27938,232,Russia,27,24510.0,200.0,3635.333333333332,34.33333333333334,4070.0,41.0,0.83,0.83
691,17/04/2020,32008,273,Russia,28,28145.333333333332,234.33333333333334,4101.0,38.33333333333334,4785.0,40.0,0.85,0.85
692,18/04/2020,36793,313,Russia,29,32246.333333333332,272.6666666666667,4971.666666666668,43.0,6060.0,48.0,0.85,0.85
693,19/04/2020,42853,361,Russia,30,37218.0,315.6666666666667,5037.666666666664,44.0,4268.0,44.0,0.84,0.84
694,20/04/2020,47121,405,Russia,31,42255.666666666664,359.6666666666667,5323.333333333336,47.66666666666663,5642.0,51.0,0.86,0.86
695,21/04/2020,52763,456,Russia,32,47579.0,407.3333333333333,5048.666666666664,50.666666666666686,5236.0,57.0,0.86,0.86
696,22/04/2020,57999,513,Russia,33,52627.666666666664,458.0,5217.333333333336,50.0,4774.0,42.0,0.88,0.88
697,23/04/2020,62773,555,Russia,34,57845.0,508.0,5286.333333333336,53.0,5849.0,60.0,0.88,0.88
698,24/04/2020,68622,615,Russia,35,63131.333333333336,561.0,5529.666666666664,56.0,5966.0,66.0,0.9,0.9
699,25/04/2020,74588,681,Russia,36,68661.0,617.0,6058.6666666666715,64.0,6361.0,66.0,0.91,0.91
700,26/04/2020,80949,747,Russia,37,74719.66666666667,681.0,6175.0,59.66666666666663,6198.0,47.0,0.92,0.92
701,27/04/2020,87147,794,Russia,38,80894.66666666667,740.6666666666666,6323.3333333333285,62.0,6411.0,73.0,0.91,0.91
702,28/04/2020,93558,867,Russia,39,87218.0,802.6666666666666,6150.0,75.0,5841.0,105.0,0.93,0.93
703,29/04/2020,99399,972,Russia,40,93368.0,877.6666666666666,6450.3333333333285,93.0,7099.0,101.0,0.98,0.98
704,30/04/2020,106498,1073,Russia,41,99818.33333333333,970.6666666666666,6957.6666666666715,100.66666666666663,7933.0,96.0,1.01,1.01
705,01/05/2020,114431,1169,Russia,42,106776.0,1071.3333333333333,8218.333333333328,83.33333333333348,9623.0,53.0,1.02,1.02
706,02/05/2020,124054,1222,Russia,43,114994.33333333333,1154.6666666666667,9396.333333333343,69.0,10633.0,58.0,0.99,0.99
707,03/05/2020,134687,1280,Russia,44,124390.66666666667,1223.6666666666667,10278.999999999985,62.33333333333326,10581.0,76.0,0.95,0.95
708,04/05/2020,145268,1356,Russia,45,134669.66666666666,1286.0,10438.666666666686,76.33333333333326,10102.0,95.0,0.93,0.93
709,05/05/2020,155370,1451,Russia,46,145108.33333333334,1362.3333333333333,10414.0,85.66666666666674,10559.0,86.0,0.93,0.93
710,06/05/2020,165929,1537,Russia,47,155522.33333333334,1448.0,10630.666666666657,89.66666666666674,11231.0,88.0,0.93,0.93
711,07/05/2020,177160,1625,Russia,48,166153.0,1537.6666666666667,10829.666666666657,90.66666666666652,10699.0,98.0,0.92,0.92
712,08/05/2020,187859,1723,Russia,49,176982.66666666666,1628.3333333333333,10915.666666666686,96.66666666666674,10817.0,104.0,0.92,0.92
713,09/05/2020,198676,1827,Russia,50,187898.33333333334,1725.0,10842.666666666657,96.66666666666674,11012.0,88.0,0.92,0.92
714,10/05/2020,209688,1915,Russia,51,198741.0,1821.6666666666667,11161.666666666657,95.33333333333326,11656.0,94.0,0.91,0.91
715,11/05/2020,221344,2009,Russia,52,209902.66666666666,1917.0,11189.0,96.33333333333326,10899.0,107.0,0.91,0.91
716,12/05/2020,232243,2116,Russia,53,221091.66666666666,2013.3333333333333,10861.0,99.00000000000023,10028.0,96.0,0.91,0.91
717,13/05/2020,242271,2212,Russia,54,231952.66666666666,2112.3333333333335,10300.333333333343,98.66666666666652,9974.0,93.0,0.91,0.91
718,14/05/2020,252245,2305,Russia,55,242253.0,2211.0,10200.0,100.66666666666652,10598.0,113.0,0.91,0.91
719,15/05/2020,262843,2418,Russia,56,252453.0,2311.6666666666665,9924.0,108.33333333333348,9200.0,119.0,0.92,0.92
720,16/05/2020,272043,2537,Russia,57,262377.0,2420.0,9835.666666666686,108.66666666666652,9709.0,94.0,0.93,0.93
721,17/05/2020,281752,2631,Russia,58,272212.6666666667,2528.6666666666665,9278.333333333314,101.33333333333348,8926.0,91.0,0.93,0.93
722,18/05/2020,290678,2722,Russia,59,281491.0,2630.0,9299.333333333314,100.0,9263.0,115.0,0.94,0.94
723,19/05/2020,299941,2837,Russia,60,290790.3333333333,2730.0,8984.333333333372,113.66666666666652,8764.0,135.0,0.95,0.95
724,20/05/2020,308705,2972,Russia,61,299774.6666666667,2843.6666666666665,8958.666666666628,125.66666666666697,8849.0,127.0,0.96,0.96
725,21/05/2020,317554,3099,Russia,62,308733.3333333333,2969.3333333333335,8835.666666666686,137.33333333333303,8894.0,150.0,0.98,0.98
726,22/05/2020,326448,3249,Russia,63,317569.0,3106.6666666666665,9059.0,138.66666666666697,9434.0,139.0,1.0,1.0
727,23/05/2020,335882,3388,Russia,64,326628.0,3245.3333333333335,8975.666666666686,147.33333333333303,8599.0,153.0,1.01,1.01
728,24/05/2020,344481,3541,Russia,65,335603.6666666667,3392.6666666666665,8993.0,128.0,8946.0,92.0,1.03,1.03
729,25/05/2020,353427,3633,Russia,66,344596.6666666667,3520.6666666666665,8820.0,139.66666666666697,8915.0,174.0,1.03,1.03
730,26/05/2020,362342,3807,Russia,67,353416.6666666667,3660.3333333333335,8733.0,142.33333333333303,8338.0,161.0,1.05,1.05
731,27/05/2020,370680,3968,Russia,68,362149.6666666667,3802.6666666666665,8541.333333333314,169.66666666666697,8371.0,174.0,1.07,1.07
732,28/05/2020,379051,4142,Russia,69,370691.0,3972.3333333333335,,,,,1.09,1.09
